1girl,0,5946470,"1girls,sole_female"
highres,5,5179049,"high_res,high_resolution,hires"
solo,0,4951171,"female_solo,solo_female"
long_hair,0,4300489,"/lh,longhair"
breasts,0,3401419,"/b,boobs,breast,breats,oppai,tits"
looking_at_viewer,0,3274433,"/lav,/pec,pov_eye_contact"
commentary_request,5,3269356,/com
blush,0,2912541,"blushing,flush,flushed"
smile,0,2839835,":),:},smiling"
open_mouth,0,2335876,mouth_open
short_hair,0,2238232,"short-hair,shorthair"
simple_background,0,1793198,"/sbg,/simplebg"
shirt,0,1786692,"shirt_only,shirts"
absurdres,5,1751081,"insaneres,very_high_resolution"
blue_eyes,0,1744138,"blueeyes,light_blue_eyes"
large_breasts,0,1562185,"big_breasts,large_boobs,large_breast,large_tits,/lb"
long_sleeves,0,1545191,"long_sleeve,/lsleeves"
skirt,0,1541743,
blonde_hair,0,1521654,"blond,blonde,/blondeh,blondehair,blond_hair,gold_hair,yellow_hair"
multiple_girls,0,1517740,/ngirls
black_hair,0,1485401,"/blackh,black-hair,blackhair,dark_hair"
white_background,0,1473241,"/wbg,/whitebg"
brown_hair,0,1471921,"/brownh,brown-hair,brownhair,brunette,chocolate_hair"
hair_ornament,0,1403050,"hair_accessories,hair_accessory,hair_decs,hair_ornaments,/hornament"
1boy,0,1385329,"1boys,sole_male"
commentary,5,1343857,commentaries
gloves,0,1336550,glove
holding,0,1331196,"hold,holding_object"
dress,0,1268988,
red_eyes,0,1261239,"red_eye,redeyes"
hat,0,1193883,
bad_id,5,1178218,bad_skeb_id
bow,0,1162981,bows
thighhighs,0,1157435,"naked_thighhighs,nude_thighhighs,stocking,stockings,/t,thighhgihs,thighhigh,thigh_highs,thighhighs_only,thighhigs,thighighs"
original,3,1157324,"/o,original_character"
animal_ears,0,1155664,"kemonomimi,pokemon_ears"
hair_between_eyes,0,1147345,bangs_between_eyes
closed_mouth,0,1146894,
navel,0,1141109,"belly_button,bellybutton"
ribbon,0,1076726,ribbons
jewelry,0,1048562,"jewelery,jewellery"
2girls,0,1010327,"2girl,2_girls"
cleavage,0,992252,"clevage,overboob"
bare_shoulders,0,964209,"bare_shoulder,bareshoulders"
very_long_hair,0,939682,"hair_past_waist,/vlh"
sitting,0,929259,"sit,sitting_down"
bad_pixiv_id,5,928522,
jacket,0,917014,
touhou,3,897018,"/to,toho"
twintails,0,895909,"/tt,twintaiks,twintail,twin_tails"
standing,0,891707,
medium_breasts,0,881362,
blue_hair,0,845481,"/blueh,bluehair"
green_eyes,0,839209,"green-eyes,greeneyes"
brown_eyes,0,839057,"browneyes,light_brown_eyes"
white_shirt,0,829332,white_blouse
nipples,0,822295,nipple
purple_eyes,0,798202,"light_purple_eyes,purpleeyes,violet_eyes"
full_body,0,793224,
underwear,0,787675,"shitagi,undergarments"
school_uniform,0,784335,"/s,school_girl,schoolgirl,school_uniforms,seifuku"
collarbone,0,780028,"clavicle,clavicles,collarbones"
tail,0,775062,"animal_tail,animal_tails,shippo,tails"
upper_body,0,761214,bust
photoshop_(medium),5,706454,
closed_eyes,0,695568,eyes_closed
male_focus,0,694771,"boys_only,guys_only,male,male_only,man,men"
white_hair,0,694274,whitehair
yellow_eyes,0,683384,"amber_eyes,golden_eyes,golden_eyes,gold_eyes,hazel_eyes,hazeleyes,yelloweyes"
pink_hair,0,680772,"magenta_hair,/pinkh,pinkhair"
multicolored_hair,0,677951,multicolor_hair
grey_hair,0,670992,gray_hair
swimsuit,0,655663,"bathing_suit,mizugi,swim_suit,swimsuits"
panties,0,642802,"/p,pantie,pantsu,panty"
ahoge,0,640496,
purple_hair,0,638134,"lavender_hair,/purpleh,purple-hair,purplehair,violet_hair"
monochrome,0,624891,"/m,monochome,monochorme,monochromatic"
braid,0,622949,"braided_hair,braids,hair_braid"
short_sleeves,0,615050,/ssleeves
flower,0,614495,flowers
sidelocks,0,603429,"forelocks,payot"
hair_ribbon,0,598662,"hair_ribbons,/hribbon,ribbon_hair_ornament,ribbon_in_hair,ribbons_in_hair"
ponytail,0,593500,"long_ponytail,pony_tail"
weapon,0,588623,weapons
ass,0,586581,"butt,butt_cheeks,buttocks,oshiri,rearend"
heart,0,573348,"<3,hearts"
thighs,0,557475,thigh
translated,5,553962,"translatied,translation"
earrings,0,549582,"aqua_earrings,black_earrings,blue_earrings,brown_earrings,ear_ring,earring,ear_rings,green_earrings,grey_earrings,pink_earrings,purple_earrings,red_earrings,white_earrings,yellow_earrings"
cowboy_shot,0,549108,
:d,0,543717,
hetero,0,538206,
comic,0,534738,"comics,manga"
outdoors,0,531500,"outdoor,outside"
hair_bow,0,526890,"hairbow,hair_bows"
translation_request,5,523487,"/tr,translate_request,translationrequest,translation_requested"
pantyhose,0,521548,"panty_hose,tights"
sweat,0,516480,sweating
red_hair,0,512867,"/redh,redhair,red_head,redhead"
bikini,0,497376,
kantai_collection,3,495969,"kancolle,kankore"
greyscale,0,495946,"black_and_white,b&w,grayscale"
pleated_skirt,0,494601,
nude,0,489434,naked
frills,0,489386,"frill,frilled,frilly,ruffles"
small_breasts,0,487945,
parted_lips,0,486778,
open_clothes,0,486362,open_clothing
teeth,0,483941,bared_teeth
hairband,0,468130,hair_band
multiple_boys,0,457815,/nboys
horns,0,455773,
censored,0,451413,"censor,censoring"
boots,0,450466,"boot,naked_boots"
english_commentary,5,446549,
lying,0,441029,"laying,laying_down,lying_down"
collared_shirt,0,439364,collared_blouse
food,0,436870,
necktie,0,436702,"neck_tie,tie"
shorts,0,436242,short_pants
wings,0,431584,wing
sky,0,430660,sky_background
black_gloves,0,428393,black_glove
one_eye_closed,0,426769,wink
sleeveless,0,421441,no_sleeves
detached_sleeves,0,421051,"armsleeves,detached_sleeve,/dsleeves,naked_sleeves"
alternate_costume,0,420802,"/acos,alternate_outfit,alternate_outfit,alternative_costume"
green_hair,0,412660,"/greenh,greenhair"
shoes,0,411457,shoe
pants,0,410928,"long_pants,slacks,trousers"
penis,0,404405,"cock,cocks,dick,dicks"
choker,0,397845,
japanese_clothes,0,390893,"japanese_clothing,traditional_japanese_clothes,wafuku"
virtual_youtuber,0,385320,vtuber
pointy_ears,0,382858,"elf_ears,elven_ears,long_ears,pointed_ears,pointy_ear,pointy-ears"
socks,0,378259,"leghighs,naked_socks,sock"
tongue,0,373891,tongues
medium_hair,0,370803,shoulder-length_hair
artist_name,0,367969,
barefoot,0,367160,"bare_feet,barefeet,bare_foot"
glasses,0,362241,"megane,meganekko,meganeko"
pussy,0,359136,"manko,vagina,vulva"
indoors,0,354473,
solo_focus,0,353606,
puffy_sleeves,0,344772,"/psleeves,puffy_shoulders"
hand_up,0,344435,"hand_raised,one_hand_raised,raised_hand"
black_thighhighs,0,340731,
belt,0,339503,belts
day,0,339336,
hairclip,0,332122,"barrette,hair_clip,hair_clips,hairclips"
official_alternate_costume,0,322971,"alternate_costume_(official),official_alternate_outfit"
fate_(series),3,321640,
fang,0,318239,
serafuku,0,313978,"sailor_fuku,/se"
official_art,5,302841,
elbow_gloves,0,301902,"/eg,long_gloves,opera_gloves"
bowtie,0,298174,"bow_tie,neck_bow"
midriff,0,298054,
2boys,0,297301,2boy
white_gloves,0,295474,white_glove
signature,0,293498,"artist_signature,autograph,signed"
hood,0,293287,
black_skirt,0,292990,
cloud,0,289127,clouds
blunt_bangs,0,284678,
black_footwear,0,281961,"black_boots,black_shoes"
dark_skin,0,281902,"brown_skin,darkskin,dark_skin_female,dark_skinned_female"
looking_back,0,278782,"looking_over_shoulder,turning"
cat_ears,0,277512,"/cat,catears,nekomimi"
hair_flower,0,275736,"flower_hair_ornament,flower_in_hair,hairflower,hair_flowers,/hflower"
tongue_out,0,274974,
pink_eyes,0,273906,
sword,0,271542,swords
sailor_collar,0,271297,
stomach,0,265211,
sex,0,263605,"fuck,fucking"
pokemon,3,262541,"pocket_monsters,pokÃ©mon,pokemons"
white_dress,0,262423,
speech_bubble,0,261823,"speech_balloon,text_bubble,word_bubble"
twitter_username,0,261149,artist_twitter
grey_background,0,260518,"gray_background,/graybg,/greybg"
looking_at_another,0,259866,
halo,0,259380,
fingerless_gloves,0,257570,fingerless_glove
miniskirt,0,257424,"mini_skirt,short_skirt"
holding_weapon,0,256435,
wide_sleeves,0,253735,/wsleeves
spread_legs,0,251160,"legs_spread,open_legs,spread_leg"
on_back,0,249403,"lying_on_back,supine"
mole,0,248571,beauty_mark
cum,0,245281,"cumshot,semen,sperm"
necklace,0,243366,
hair_over_one_eye,0,241800,"eye_covering_bang,hair_over_eye,/hooe"
streaked_hair,0,241320,highlights
3girls,0,241037,3girl
hair_bun,0,241015,
armpits,0,240267,"armpit,showing_armpits"
blue_archive,3,239011,
chibi,0,238415,super_deformed
off_shoulder,0,237932,"off-shoulder,off_shoulders"
kimono,0,236636,
nail_polish,0,236339,"colored_nails,nailpolish,nail_varnish,painted_nails"
fate/grand_order,3,236031,fgo
open_jacket,0,235456,"open_blazer,open_track_jacket"
two-tone_hair,0,234843,"/tth,two-tone-hair,two_tone_hair"
tears,0,234228,tear
star_(symbol),0,234046,
english_text,0,233914,english
orange_hair,0,233576,
striped_clothes,0,233072,striped_clothing
black_dress,0,231844,
from_behind,0,229930,viewed_from_behind
grin,0,229795,grinning
black_jacket,0,227934,black_blazer
idolmaster,3,227430,"idol_master,idolm@ster,the_idolmaster"
rabbit_ears,0,226953,"bunny_ear,bunny_ears,rabbit_ear"
black_eyes,0,226929,dark_eyes
blurry,0,224671,blurred
bag,0,224424,bags
sweatdrop,0,224052,"sweat_drop,sweat_drops,sweatdrops"
water,0,221199,
coat,0,220782,
from_side,0,219470,"side,side_view,viewed_from_side"
genshin_impact,3,215512,genshin
yuri,0,214919,"girl_love,girl's_love,girls_love,lesbian,shoujo-ai"
hololive,3,213417,
vest,0,212063,
cape,0,211938,
white_thighhighs,0,211347,
armor,0,207507,armour
scarf,0,207202,muffler
black_shirt,0,207053,black_blouse
red_bow,0,206760,
clothes_lift,0,206673,
huge_breasts,0,206399,"/hb,huge_boobs,huge_breast,huge_tits"
arm_up,0,205718,"arm_raised,one_arm_up,raised_arm"
apron,0,204909,
leotard,0,204629,
character_name,0,200679,
bad_twitter_id,5,200251,
bra,0,200095,
feet,0,198864,foot
mosaic_censoring,0,198108,"mosaic_censor,pixel_censor,rough_censoring"
high_heels,0,196795,"heels,highheels"
sweater,0,195399,sweatshirt
vaginal,0,193584,"vaginal_penetration,vaginal_sex"
blue_sky,0,192816,
animal_ear_fluff,0,192457,
crop_top,0,191316,
bracelet,0,190721,"bracelets,wristlet"
parted_bangs,0,189777,
black_pantyhose,0,189501,
collar,0,187710,
arms_up,0,186120,"arms_above,arms_above_head,arms_raised,hands_above_head,raised_arms"
:o,0,185729,:0
white_panties,0,185525,
dated,0,184486,
completely_nude,0,180406,completely_naked
cup,0,178946,"cups,drinking_cup"
grey_eyes,0,178846,"gray_eyes,silver_eyes"
red_ribbon,0,178458,
twin_braids,0,178145,"double_braid,twin_braid,twinbraid,twinbraids"
hands_up,0,177764,hands_raised
commission,5,176964,
fingernails,0,176129,"fingernail,finger_nails"
looking_to_the_side,0,175988,"looking_aside,looking_to_side"
dark-skinned_female,0,175694,dark_skinned_female
side_ponytail,0,174965,"side_tail,sidetail"
aqua_eyes,0,174771,"cyan_eyes,teal_eyes,turquoise_eyes"
puffy_short_sleeves,0,174215,short_puffy_sleeves
flat_chest,0,173044,"flatchest,flat_chested,pettanko,titty_buds,tsurupeta"
blue_skirt,0,172690,
v-shaped_eyebrows,0,172611,
two_side_up,0,170901,two_sides_up
neckerchief,0,169646,
orange_eyes,0,168957,
eyelashes,0,167631,eye_lashes
tree,0,166046,trees
symbol-shaped_pupils,0,162483,symbol_shaped_pupils
multiple_views,0,160208,
sleeves_past_wrists,0,159793,sleeves_past_wrist
chinese_commentary,5,158931,
covered_nipples,0,158611,"covered_erect_nipples,erect_nipple,erect_nipplees,erect_nipples,erect_nipples_under_clothes,errect_nipples,perky_nipples"
vocaloid,3,155453,"/vo,vocaloid_2,vocaloid_3"
fur_trim,0,155130,fur_lining
cat_tail,0,155046,cat_tails
mole_under_eye,0,154926,
strapless,0,153822,
clothing_cutout,0,153803,
see-through_clothes,0,152084,"see-through,seethrough,sheer_clothes,sheer_clothing,transparent_clothing"
hand_on_own_hip,0,151862,"hand_on_hip,hand_on_waist"
legs,0,150898,leg
toes,0,150429,
wrist_cuffs,0,149808,"detached_cuffs,wrist_cuff,wristcuff,wristcuffs"
sketch,0,149587,"rough,rough_sketch,/sk"
feet_out_of_frame,0,149136,
black_choker,0,149080,
upper_teeth_only,0,148955,upper_teeth
sleeveless_shirt,0,148123,sleeveless_blouse
bar_censor,0,148121,"censor_bar,censor_bars"
sleeveless_dress,0,147843,
wet,0,147106,"soaked,wet_body,wet_skin"
groin,0,146220,"adonis_belt,hip_lines,mound_of_venus"
sparkle,0,145902,"sparkles,sparkling"
maid,0,145831,"maid_costume,maid_dress,maid_outfit,maids,maid_uniform"
loli,0,145616,"lolicon,rori"
no_humans,0,145392,no_human
fake_animal_ears,0,144944,
v,0,144911,"peace_sign,v_sign"
pokemon_(creature),0,143529,
gun,0,142562,"firearm,guns"
fox_ears,0,142474,"/fox,kitsunemimi"
torn_clothes,0,142434,"ripped_clothes,ripped_clothing,tornclothes,torn_clothing"
pillow,0,142205,"black_pillow,blue_pillow,green_pillow,grey_pillow,orange_pillow,pillows,pink_pillow,purple_pillow,red_pillow,white_pillow,yellow_pillow"
maid_headdress,0,142155,"maid_cachusha,maid_headband"
thigh_strap,0,140047,"legband,thigh_band,thighband,thigh_belt,thigh_straps"
muscular,0,139832,"muscle,muscles,muscular_male"
short_shorts,0,139513,"booty_shorts,hot_pants,hotpants,minishorts"
gradient_background,0,138601,"/gbg,/gradientbg"
ascot,0,138566,"cravat,jabot"
head_tilt,0,138419,
lips,0,138251,
black_pants,0,137793,
bare_arms,0,137687,
sash,0,137580,
book,0,137365,books
buttons,0,137245,button
neck_ribbon,0,136225,
black_bow,0,135810,
one-piece_swimsuit,0,135349,"one-piece,one_piece_swimsuit"
arknights,3,135244,mingri_fangzhou
cosplay,0,134900,
gradient_hair,0,134866,
pubic_hair,0,134614,"hairy_pussy,pubes,pubichair"
bare_legs,0,133910,
zettai_ryouiki,0,133709,"absolute_territory,zettai_ryouki,/zr"
tattoo,0,133332,"tatoo,tattoos"
black_panties,0,133306,
uncensored,0,132652,"descensored,uncensoring"
plaid_clothes,0,132467,plaid_clothing
border,0,132104,"bordered,windowbox,windowboxed"
covered_navel,0,131485,clothed_navel
hoodie,0,131019,
black_ribbon,0,130985,
window,0,130702,
detached_collar,0,129737,
colored_skin,0,129666,
petals,0,128985,"flower_petals,petal"
single_braid,0,128475,
blurry_background,0,128073,
azur_lane,3,127929,bilan_hangxian
profile,0,127398,in_profile
kneehighs,0,126198,"knee_highs,kneehigh_socks,knee_socks,kneesocks"
blood,0,125908,
floating_hair,0,125521,"hair_blowing,space_hair"
double_bun,0,124943,"buns,double_buns,double_hair_bun,hair_buns,odango,twin_bun,twin_buns"
shiny_skin,0,124523,glistening_skin
makeup,0,123472,"make-up,make_up"
mask,0,123078,masks
facial_hair,0,122881,
dress_shirt,0,122604,
idolmaster_cinderella_girls,3,121530,cinderella_girls
pov,0,120427,male_pov
bodysuit,0,119876,body_suit
black_shorts,0,119796,
hug,0,118984,"embrace,hugging"
aqua_hair,0,118792,"cyan_hair,teal_hair,turquoise_hair"
blue_background,0,118749,"/bluebg,light_blue_background"
swept_bangs,0,118657,
dutch_angle,0,118513,
blue_dress,0,118339,dark_blue_dress
horse_ears,0,117785,
shadow,0,117784,shadows
expressionless,0,117103,"emotionless,neutral_expression,unexpressive"
bell,0,117051,bells
kneeling,0,116958,on_knees
sideboob,0,116816,"side_boob,side_boobs,sideboobs"
capelet,0,116386,"mantle,shoulder_cape"
open_shirt,0,116010,"open_blouse,openshirt,/os,shirt_open"
turtleneck,0,115902,turtle_neck
copyright_name,0,115871,"copyright_abbreviation,copyright_title,title_drop,title_name"
umamusume,3,115358,uma_musume
night,0,115181,
:3,0,115085,
leaning_forward,0,114679,
anus,0,114477,"ass_hole,asshole,butt_hole,butthole"
blue_bow,0,113838,
horse_girl,0,113428,pony_girl
saliva,0,113332,"drool,spit"
skindentation,0,113256,
heterochromia,0,113026,odd_eye
black_bikini,0,112921,"black_bikini_bottom,black_bikini_top"
hair_intakes,0,112259,hair_vents
highleg,0,112079,
white_jacket,0,110750,
low_twintails,0,110652,
4girls,0,110023,4girl
white_socks,0,109914,white_kneehighs
symbol-only_commentary,5,109497,"emoji_commentary,symbol_commentary"
red_skirt,0,109278,
watermark,0,109128,"copyright_notice,watermarked"
artist_request,5,108949,"/art,tagme_(artist)"
scar,0,108936,scars
^_^,0,108609,^^
on_bed,0,108333,
pussy_juice,0,107809,"pussyjuice,pussy_juice_drip,vaginal_juices,wet_pussy"
brown_footwear,0,107476,"brown_boots,brown_shoes"
siblings,0,107327,
fruit,0,107318,fruits
piercing,0,106731,"pierced,piercings"
frown,0,106388,":(,:{,frowning"
bed,0,106356,
alternate_hairstyle,0,106294,"/ahs,alternate_hair_style,alternative_hair_style,alternative_hairstyle"
black_hat,0,105686,
hatsune_miku,4,105594,/hm
holding_sword,0,105396,"holding_katana,holding_rapier"
rose,0,104684,roses
bird,0,104681,birds
leaf,0,104282,leaves
nose_blush,0,104268,
one_side_up,0,103954,
chinese_clothes,0,103738,
fox_tail,0,103490,
md5_mismatch,5,102989,
depth_of_field,0,102938,"/dof,focus_blur"
soles,0,102711,sole
fangs,0,102650,
chain,0,102611,chains
wavy_hair,0,102553,
animal,0,102457,animals
playboy_bunny,0,102309,"bunnygirl,bunny_suit,bunnysuit,playboy_bunny_leotard"
no_bra,0,101796,
military,0,101719,
cum_in_pussy,0,101402,"cum_inside,nakadashi"
glowing,0,101384,glow
beret,0,101125,
halterneck,0,101008,"halter,halter_top,haltertop"
blush_stickers,0,100938,blush_sticker
holding_hands,0,100440,"hand_holding,handholding,holding_another's_hand"
thick_thighs,0,100357,"big_thighs,fat_thighs,thighthick,thunder_thighs"
ocean,0,100290,sea
white_footwear,0,100078,"white_boots,white_shoes"
witch_hat,0,99923,"witches_hat,witchhat"
thick_eyebrows,0,99673,
underboob,0,99342,"under_boob,underbreast"
4koma,0,99108,"4coma,yonkoma"
headband,0,98760,head_band
muscular_male,0,97805,
from_above,0,97636,"aerial_view,viewed_from_above,view_from_above"
headphones,0,97561,headphone
phone,0,97184,telephone
cameltoe,0,96950,camel_toe
blue_shirt,0,96933,blue_blouse
facial_mark,0,96333,"facial_marking,facial_markings,facial_marks"
embarrassed,0,96178,"embarassed,embarrased,embarrassing,embarrassment"
military_uniform,0,95749,
non-web_source,5,95743,
erection,0,95305,erect_penis
no_panties,0,95094,nopan
bottomless,0,95045,bottom_less
side-tie_bikini_bottom,0,95015,"side-tie_bikini,side_tie_bikini"
looking_down,0,94903,
white_bikini,0,94708,"white_bikini_bottom,white_bikini_top"
bed_sheet,0,94630,"bedsheet,bed_sheets,bedsheets,sheet,sheets"
lowres,5,93902,
abs,0,93867,six_pack
arm_support,0,93733,
cum_on_body,0,93572,"cum_in_armpit,cum_on_arm,cum_on_armpit,cum_on_armpits,cum_on_arms,cum_on_back,cum_on_belly,cum_on_chest,cum_on_ear,cum_on_feet,cum_on_foot,cum_on_hand,cum_on_hands,cum_on_hips,cum_on_leg,cum_on_legs,cum_on_lower_body,cum_on_thigh,cum_on_thighs,cum_on_upper_body,semen_on_body,semen_on_lower_body,semen_on_upper_body"
half-closed_eyes,0,93385,eyes_half_closed
sunglasses,0,93079,shades
sandals,0,92907,sandal
blue_jacket,0,92837,blue_blazer
bandages,0,92801,bandage
pink_background,0,92606,/pinkbg
black_socks,0,92547,black_kneehighs
holding_food,0,92462,
pectorals,0,92122,pecs
no_shoes,0,91895,
plaid_skirt,0,91885,tartan_skirt
hood_down,0,91738,
beach,0,91692,
bob_cut,0,91684,"bobbed_hair,okappa"
back,0,91256,
frilled_dress,0,90869,"frilly_dress,ruffled_dress"
happy,0,90706,
chair,0,90514,chairs
white_flower,0,90341,
short_dress,0,90238,"mini_dress,minidress"
ass_visible_through_thighs,0,89809,"ass_fangs,butt_fangs,gluteal_fold"
red_dress,0,89763,
black_hairband,0,89597,
thigh_boots,0,88850,"thighboots,thighhigh_boots"
dark-skinned_male,0,88815,dark_skinned_male
fire_emblem,3,88491,"/fe,fireemblem"
drill_hair,0,88420,"doriru,drillhair"
honkai_(series),3,88367,
umbrella,0,88320,
floral_print,0,88057,"floral_pattern,flower_print"
on_side,0,87841,lying_on_side
cat_girl,0,87775,catgirl
testicles,0,87114,balls
love_live!,3,87003,
female_pubic_hair,0,86945,pubic_hair_(female)
white_skirt,0,86655,
flying_sweatdrops,0,86625,flying_sweatdrop
heart-shaped_pupils,0,86518,heart_shaped_pupils
traditional_media,5,86504,"handdrawn,/trad"
arms_behind_back,0,86047,"/abb,arms_behind,hands_behind_back"
scan,5,85593,
white_bow,0,85522,
groping,0,85389,"fondle,fondling,grope"
squatting,0,85069,"crouch,crouched,crouching,squat"
banned_artist,1,84810,
transparent_background,0,84785,"/tbg,/transparentbg,transparent_gif,transparent_png"
eating,0,84266,
stuffed_toy,0,83966,"plush,plush_toy,stuffed_doll"
ring,0,83844,rings
cleavage_cutout,0,83771,"boob_window,cleavage_window,heart_cleavage_cutout,tit_window"
crossed_arms,0,83766,"arms_crossed,arms_folded,folded_arms"
6+girls,0,83757,"6+girl,6girl,6girls,7girls,8girls,9girls"
table,0,83686,
garter_straps,0,83446,garter_strap
wariza,0,82883,"w-legs,w_legs,w-sitting,w_sitting"
korean_commentary,5,82705,
white_border,0,82644,
obi,0,82187,
animated,5,82039,animation
from_below,0,82014,"low_angle,viewed_from_below,view_from_below"
demon_horns,0,81868,devil_horns
headgear,0,81528,
shirt_lift,0,81276,"lift_shirt,shirtlift,shirt_up,/shl,tank_top_lift,top_lift"
standing_on_one_leg,0,81133,"on_one_foot,on_one_leg,standing_on_one_foot"
clothes_pull,0,81065,
sharp_teeth,0,80989,"pointed_teeth,pointy_teeth,spiked_teeth"
copyright_request,5,80903,"/copy,series_request"
portrait,0,80466,
wolf_ears,0,80404,"coyote_ears,ookamimimi"
leg_up,0,80152,one_leg_raised
oral,0,79995,
bright_pupils,0,79787,
mouth_hold,0,79606,
cat,0,79551,"cats,neko"
black_background,0,79274,/blackbg
demon_girl,0,79248,"demongirl,demon_girls,succubus"
hakurei_reimu,4,78996,"/hr,reimu_hakurei"
cardigan,0,78875,
final_fantasy,3,78854,"/ff,finalfantasy"
wavy_mouth,0,78704,
bound,0,77980,
sunlight,0,77859,sunshine
helmet,0,77560,
scrunchie,0,77542,scrunchy
parody,0,77355,
cellphone,0,77277,"cell_phone,keitai,mobile_phone"
tank_top,0,77265,tanktop
thigh_gap,0,77133,
own_hands_together,0,77124,hands_together
moon,0,76564,
high_ponytail,0,76520,
magical_girl,0,76361,"magical_girls,magic_girl,mahou_shoujo"
trembling,0,76165,"shiver,shivering,tremble"
hair_tubes,0,75786,hair_tube
crying,0,75704,cry
eyepatch,0,75668,eye_patch
antenna_hair,0,75515,"antennae_hair,double_ahoge"
crossed_legs,0,75382,"crossed_legs_(lying),crossed_legs_(sitting),crossed_legs_(standing),legs_crossed"
grass,0,75355,
partial_commentary,5,74898,
frilled_skirt,0,74195,"frilly_skirt,ruffled_skirt"
backpack,0,74161,"back_pack,ranset,rucksack"
bara,0,74158,
feathers,0,74128,feather
frilled_sleeves,0,74122,ruffled_sleeves
colored_inner_hair,0,74102,
fox_girl,0,74039,
cloudy_sky,0,73901,
blue_ribbon,0,73751,
eyes_visible_through_hair,0,73688,eye_through_hair
mob_cap,0,73636,"pillow_hat,pillowhat"
x_hair_ornament,0,73438,
skirt_lift,0,73206,"lifted_skirt,lifting_skirt,lift_skirt,skirtlift,skirt_up,skirt_up,/skl"
suit,0,73181,three-piece_suit
3boys,0,72896,3boy
furry,0,72743,"anthro,kemono"
light_smile,0,72737,"faint_smile,slight_smile"
red_necktie,0,72649,
pink_bow,0,72632,
topless,0,72620,"top_less,topless_(female)"
sleeping,0,72486,"asleep,sleep"
plant,0,72409,plants
black_nails,0,72258,black_fingernails
white_hat,0,72217,
red_flower,0,72139,
mahou_shoujo_madoka_magica,3,71954,"madoka_magica,/msmm,/pmmm,puella_magi_madoka_magica"
suspenders,0,71748,suspender
blazer,0,71109,
kirisame_marisa,4,71004,"/km,marisa_kirisame"
bottle,0,70891,bottles
ear_piercing,0,70812,"pierced_ear,pierced_ears"
looking_up,0,70571,
denim,0,70335,
fire,0,69959,"flame,flames"
motion_lines,0,69653,
couple,0,69559,romance
elf,0,69546,"elf_ears,elven_ears"
cross,0,69543,
1other,0,69367,sole_other
single_hair_bun,0,69164,"bun,hair_bun,hairbun"
stuffed_animal,0,69092,"nuigurumi,plushie,plushies,plushy,stuffed_animals"
formal_clothes,0,68990,formal
spiked_hair,0,68958,"spikey_hair,spiky_hair"
yaoi,0,68921,"boy_love,boy's_love,boys_love,gay,shonen-ai,shounen-ai"
bug,0,68529,"bugs,insect,insects"
red_shirt,0,68429,red_blouse
straddling,0,68367,straddle
white_apron,0,68223,
cover,0,68005,front_cover
?,0,67841,question_mark
crown,0,67749,
grabbing_another's_breast,0,66927,"boob_grab,breast_grab,breasts_grab,grabbing_breasts"
black_leotard,0,66756,
pantyshot,0,66656,"panchira,panty_flash,panty_shot"
clenched_teeth,0,66626,"gritted_teeth,gritting_teeth"
outstretched_arms,0,66473,arms_outstretched
fellatio,0,66319,"blow_job,blowjob,felatio,sucking_cock,sucking_dick,sucking_penis"
;d,0,66281,
juliet_sleeves,0,66262,"puffy_shoulder_long_sleeves,puffy_shoulders_long_sleeves"
horse_tail,0,66144,
bdsm,0,65931,
red_bowtie,0,65896,
t-shirt,0,65894,"t_shirt,tshirt"
holding_cup,0,65823,"holding_drinking_glass,holding_glass,holding_goblet,holding_mug,holding_sakazuki,holding_teacup"
slit_pupils,0,65563,"cat_eyes,snake_eyes"
lifting_own_clothes,0,65522,lifted_by_self
sex_from_behind,0,65519,"from_behind_position,penetration_from_behind,taken_from_behind"
tassel,0,65459,"tassels,tassle"
game_cg,5,65452,"cg_game,game_asset,gamecg"
curtains,0,65327,"curtain,drapes"
holding_gun,0,65149,
underwear_only,0,65099,
light_blush,0,65006,
skeb_commission,5,65001,
knee_boots,0,64845,"kneeboots,kneehigh_boots"
girls_und_panzer,3,64841,
robot,0,64758,
on_stomach,0,64716,"lying_on_stomach,on_belly,on_front,prone"
gem,0,64595,"gems,gemstone,gemstones,jewel,jewels,precious_stone,precious_stones"
hat_ribbon,0,64513,"hatband,hat_ribbons"
hololive_english,3,64471,
pointing,0,64464,
outstretched_arm,0,64453,arm_outstretched
shoulder_armor,0,64248,shoulder_armour
aged_down,0,64244,"de-aged,younger"
tiara,0,64167,
sneakers,0,64134,tennis_shoes
girl_on_top,0,64032,female_on_top
>_<,0,63978,><
knife,0,63577,knives
katana,0,63573,katanas
sisters,0,63564,
straight_hair,0,63556,
crossover,0,63554,
head_wings,0,63194,headwings
grey_shirt,0,63073,"gray_shirt,grey_blouse"
school_swimsuit,0,62989,"school_swimsuits,/ss,sukimizu,sukumizu"
breasts_out,0,62969,"breasts_out_of_clothes,breasts_outside"
red_footwear,0,62693,"red_boots,red_shoes"
blue_sailor_collar,0,62321,
rabbit_tail,0,62020,bunny_tail
girls'_frontline,3,61961,girls_frontline
animal_print,0,61883,animalprint
black_necktie,0,61644,
polka_dot,0,61564,"polka-dot,polka_dots"
white_pupils,0,61436,
facing_viewer,0,61395,
hand_on_own_chest,0,61234,"hand_on_chest,hand_to_chest,hand_to_own_chest"
wing_collar,0,61225,
short_twintails,0,61047,pigtails
multicolored_clothes,0,61016,multicolored_clothing
messy_hair,0,61010,"bed_head,morning_hair"
bent_over,0,60925,"bending_over,bend_over,bent-over"
fishnets,0,60914,fishnet
variant_set,5,60899,
feathered_wings,0,60860,feather_wings
eyewear_on_head,0,60839,"glasses_on_head,sunglasses_on_head"
yellow_background,0,60798,/yellowbg
strapless_leotard,0,60720,
bandaid,0,60564,"band-aid,band_aids,bandaids"
goggles,0,60455,
monster_girl,0,60113,monstergirl
green_skirt,0,59935,
bat_wings,0,59800,batwing
kiss,0,59711,kissing
building,0,59380,buildings
black_bra,0,59293,
pink_dress,0,59287,
extra_ears,0,59279,double_ears
hooded_jacket,0,59215,
paid_reward_available,5,59183,reward_available
nijisanji,3,59010,
tan,0,58623,"suntan,tanned,tanned_skin"
clenched_hand,0,58530,"clenched_fist,closed_fist,fist"
revision,5,58362,revised
5girls,0,58335,5girl
red_background,0,58100,/redbg
skin_fang,0,58046,flesh_fang
all_fours,0,57895,"all-fours,hands_and_knees,on_all_fours"
loafers,0,57719,
dog_ears,0,57684,"african_wild_dog_ears,/dog,dog_ear,inumimi"
puffy_long_sleeves,0,57578,"bishop_sleeves,long_puffy_sleeves"
brooch,0,57464,broach
staff,0,57429,
shaded_face,0,57345,"shaded_eyes,shadow_over_eyes"
red_jacket,0,57324,red_blazer
group_sex,0,57264,"fivesome,foursome,groupsex"
demon_tail,0,57203,devil_tail
star_(sky),0,57021,stars_(sky)
undressing,0,56987,"strip,stripping,undress"
pink_flower,0,56588,
no_pants,0,56578,"no_skirt,pantless,pantsless,skirtless"
single_thighhigh,0,56569,"one_thighhigh,thighhigh"
lingerie,0,56504,
striped_thighhighs,0,56460,
hat_bow,0,56320,
letterboxed,0,56286,"letterbox,letter_boxed"
lipstick,0,56237,
red_nails,0,56151,red_fingernails
white_ribbon,0,56047,
otoko_no_ko,0,56016,"femboy,otokonoko,trap"
bondage,0,55977,tied_up_(sexual)
veil,0,55770,
honkai:_star_rail,3,55735,
china_dress,0,55686,"cheongsam,chinadress,chinese_dress,qipao"
mahou_shoujo_madoka_magica_(anime),3,55645,
polearm,0,55617,
towel,0,55566,towels
instrument,0,55471,instruments
crossed_bangs,0,55251,
black_belt,0,55230,
hair_bobbles,0,55047,"ball_braids,hair_bobble,/hbobbles"
cherry_blossoms,0,54795,"cherry_blossom,cherry_tree,cherry_trees,sakura_blossoms"
night_sky,0,54639,
knees_up,0,54532,
child,0,54394,"children,kids"
armband,0,54357,"arm_band,armbands"
wristband,0,54330,"wrist_band,wrist_bands,wristbands"
steam,0,54074,
scar_on_face,0,53954,facial_scar
box,0,53946,boxes
crescent,0,53544,crescent_moon_symbol
revealing_clothes,0,53504,slutty_clothing
drooling,0,53477,
butterfly,0,53433,butterflies
ribbon_trim,0,53353,
meme,0,53127,
wind,0,52975,windy
light_particles,0,52789,dust_particles
hair_over_shoulder,0,52751,
foreshortening,0,52721,
pale_skin,0,52677,"pale,paleskin"
candy,0,52615,candies
remilia_scarlet,4,52564,/rs
surprised,0,52539,"shock,shocked,startled,surprise"
precure,3,52536,
highleg_leotard,0,52347,
flandre_scarlet,4,52342,/fs
smartphone,0,52329,smart_phone
^^^,0,52152,"/\,/\/\,/\/\/\,realization_crown"
couch,0,52056,"settee,sofa"
scenery,0,52015,scenic
claws,0,51806,claw
outside_border,0,51805,"cropped_background,out_of_border,outside_of_border"
musical_note,0,51676,"musical_notes,music_note,music_notes"
side_braid,0,51608,
anal,0,51425,"anal_penetration,anal_sex"
adapted_costume,0,51398,"adapted_outfit,/adcos"
multiple_tails,0,51393,"animal_tails,multiple_tail,multi_tail,multitail,multi_tails,multitails,tails"
sheath,0,51269,
character_request,5,51260,"/char,tagme_(character)"
black_coat,0,51124,
sex_toy,0,51078,sex_toys
rope,0,51028,ropes
danganronpa_(series),3,51018,"dangan-ronpa,dangan_ronpa,danganronpa"
low_ponytail,0,50927,
lace_trim,0,50808,
anger_vein,0,50801,anger_mark
...,0,50731,ellipsis
bike_shorts,0,50697,"biker_shorts,spandex_shorts,spats"
strapless_dress,0,50678,shoulderless_dress
mole_under_mouth,0,50612,
kemono_friends,3,50440,
gauntlets,0,50400,gauntlet
toenails,0,50386,toenail
arms_behind_head,0,50319,hands_behind_head
microphone,0,50236,mic
pelvic_curtain,0,50177,"crotch_veil,pussy_veil,waist_veil"
breast_press,0,49986,
beard,0,49955,
baseball_cap,0,49948,
grey_skirt,0,49708,gray_skirt
large_pectorals,0,49704,
ejaculation,0,49660,ejaculation_between_breasts
casual,0,49652,
hakama,0,49382,
holding_phone,0,49369,holding_cellphone
white_pantyhose,0,49350,
red_neckerchief,0,49330,
nature,0,49104,
between_breasts,0,49054,
index_finger_raised,0,49012,"finger_raised,raised_finger"
genderswap,0,48886,"crossgender,genderbend,rule_63,sex_change"
white_sleeves,0,48857,
waist_apron,0,48846,half_apron
cloak,0,48609,
white_sailor_collar,0,48575,
hood_up,0,48562,
wet_clothes,0,48509,"wetclothes,wet_clothing"
breath,0,48423,
cropped_jacket,0,48394,bolero
panty_pull,0,48368,"panties_down,panties_pull,pantsu_pull,pantsupull,panty_down,pantypull,/pp"
gundam,3,48355,
purple_dress,0,48173,
web_address,0,48148,url
pink_panties,0,48141,
male_pubic_hair,0,48011,pubic_hair_(male)
cover_page,0,47915,book_cover
bridal_gauntlets,0,47791,bridal_gauntlet
granblue_fantasy,3,47727,
maid_apron,0,47699,
cropped_legs,0,47450,cropped_feet
interlocked_fingers,0,47327,"interlaced_fingers,intertwined_fingers"
bad_link,5,47323,
string_bikini,0,47252,
blue_nails,0,47176,blue_fingernails
dot_nose,0,47088,
sleeves_past_fingers,0,47032,
logo,0,47005,
buckle,0,46771,buckles
pink_nails,0,46720,pink_fingernails
twin_drills,0,46663,twindrills
eyeshadow,0,46543,eye_shadow
hand_on_own_face,0,46436,"hand_on_face,hand_to_face,hand_to_own_face"
third_eye,0,46392,3rd_eye
short_hair_with_long_locks,0,46179,
izayoi_sakuya,4,46143,/is
o-ring,0,46133,o_ring
alternate_breast_size,0,46076,
pom_pom_(clothes),0,46054,pom_pom_(clothing)
outline,0,45986,"outlined,outlines"
close-up,0,45969,"close_up,closeup"
covering_privates,0,45967,covering
facial,0,45845,cum_on_face
semi-rimless_eyewear,0,45823,"half-rim_glasses,half_rim_glasses,semi-rimless_glasses,semi_rimless_glasses"
yellow_bow,0,45786,
skirt_set,0,45744,
areola_slip,0,45683,areolae_slip
blouse,0,45604,
glowing_eyes,0,45565,
jojo_no_kimyou_na_bouken,3,45457,"/jjba,/jjkb,jojo's_bizarre_adventure"
androgynous,0,45410,androgyny
peaked_cap,0,45278,
blue_necktie,0,45137,
motor_vehicle,0,45125,
spoken_heart,0,45112,
breasts_apart,0,45086,
eye_contact,0,44983,
neck_bell,0,44813,"bell_choker,bell_collar,bellcollar,collar_bell,neckbell"
carrying,0,44803,carry
colored_sclera,0,44761,
gold_trim,0,44740,
holding_book,0,44152,
jingle_bell,0,44082,"cat_bell,jinglebell,jingle_bells,jinglebells"
plate,0,44055,"dish,plates"
faceless,0,43961,no_face
two-tone_background,0,43953,/two-tonebg
patreon_username,0,43923,
forehead,0,43877,
clothes_writing,0,43779,"clothing_writing,text_on_clothes"
black_wings,0,43774,"black_wing,dark_wings"
corset,0,43708,
curvy,0,43667,"curvaceous,voluptuous"
angry,0,43653,"anger,mad"
clothing_aside,0,43613,clothes_aside
tearing_up,0,43555,
hand_fan,0,43536,"fan,fan_(handheld),fans"
brown_gloves,0,43433,
dragon_horns,0,43396,
video,5,43265,"mp4,videos,webm"
single_earring,0,43066,one_earring
christmas,0,42974,"crhistmas,xmas"
open_coat,0,42880,
micro_bikini,0,42796,microbikini
camisole,0,42777,
mecha,0,42620,mech
spikes,0,42589,spike
blue_flower,0,42531,
red_gloves,0,42516,
restrained,0,42466,
wolf_tail,0,42451,coyote_tail
hair_flaps,0,42423,
striped_panties,0,42256,"shimapan,stripped_panties"
cropped_torso,0,42235,
arm_at_side,0,42130,
blue_shorts,0,42034,
low-tied_long_hair,0,41945,long_hair_tied_low
black_vest,0,41908,
front-tie_top,0,41831,front_tie_top
science_fiction,0,41818,"futuristic,sci-fi,sci_fi,scifi"
bow_panties,0,41756,"panty_bow,ribbon_panties"
green_background,0,41731,"dark_green_background,/greenbg,light_green_background"
pink_ribbon,0,41675,
pink_shirt,0,41551,pink_blouse
round_eyewear,0,41461,"circular_eyewear,round_glasses"
side_slit,0,41446,leg_slit
blue_bikini,0,41421,"blue_bikini_bottom,blue_bikini_top"
convenient_censoring,0,41420,convenient_censorship
side-tie_panties,0,41398,"himopan,side_tie_panties"
paizuri,0,41193,"tit_fuck,titfuck,titjob"
white_skin,0,41180,
licking,0,41169,"lick,licks"
mixed-language_commentary,5,41161,"bilingual_commentary,multilingual_commentary"
floating,0,40956,
black_sailor_collar,0,40887,
demon_wings,0,40802,devil_wings
smoke,0,40801,
rifle,0,40790,rifles
tentacles,0,40786,tentacle
second-party_source,5,40695,
armlet,0,40628,"arm_bracelets,armlets"
brown_background,0,40607,/brownbg
happy_birthday,0,40565,
:<,0,40561,
purple_background,0,40520,/purplebg
pink_skirt,0,40517,
cum_on_breasts,0,40451,"cum_between_breasts,cum_on_tits,semen_on_breasts"
sweater_vest,0,40405,
clenched_hands,0,40387,"clenched_fists,closed_fists,fists"
skin_tight,0,40359,"skintight,skintightsuit"
desk,0,40345,desks
veins,0,40342,"vein,veiny"
frilled_apron,0,40252,
knee_up,0,40186,
zipper,0,40184,zippers
single_glove,0,40175,one_glove
green_bow,0,40146,
mary_janes,0,40116,
tsurime,0,40104,
full_moon,0,40089,fullmoon
ball,0,39985,
:p,0,39851,:b
drinking_glass,0,39828,
high_collar,0,39794,
cowgirl_position,0,39759,cowgirl_(position)
sleeves_rolled_up,0,39740,"folded_sleeves,rolled_sleeves,rolled-up_sleeves,rolled_up_sleeves,sleeves_folded_up,sleeves_rolled"
freckles,0,39719,
fate/stay_night,3,39654,"fate_stay_night,/fsn"
spot_color,0,39587,spot_colors
topless_male,0,39436,shirtless
pocket,0,39333,pockets
indie_virtual_youtuber,3,39310,
beads,0,39162,
snow,0,39141,
lace,0,39113,
hair_scrunchie,0,39090,
dual_persona,0,38978,
white_pants,0,38942,
dragon_girl,0,38887,
finger_to_mouth,0,38777,"finger_on_lips,finger_on_mouth,finger_to_lips"
one_eye_covered,0,38715,covered_eye
lens_flare,0,38679,lensflare
yellow_shirt,0,38678,yellow_blouse
no_headwear,0,38645,"hat-less,hatless,no_bandana,no_hat,no_helmet"
half_updo,0,38455,half_down_half_up
strap_slip,0,38392,
track_jacket,0,38390,
hakama_skirt,0,38282,hakama
wide_hips,0,38250,"big_hips,large_hips"
gift,0,38169,"gifts,present,presents"
hair_rings,0,38165,"hair_loop,hair_loops,hair_ring"
high_heel_boots,0,38142,heel_boots
pencil_skirt,0,38108,
vertical-striped_clothes,0,38041,vertical-striped_clothing
genderswap_(mtf),0,38028,
frilled_shirt_collar,0,37961,
clothed_female_nude_male,0,37947,"/cfnm,cfnm,clothed_female_naked_male,/nmcf,nmcf,nude_male_clothed_female"
handgun,0,37942,"hand_gun,pistol"
artoria_pendragon_(fate),4,37935,"altria_pendragon_(fate),artoria_pendragon_(all)"
toned,0,37865,
admiral_(kancolle),4,37851,"admiral_(kantai_collection),teitoku_(kantai_collection)"
black_bowtie,0,37718,
tokin_hat,0,37662,tokin
!,0,37548,exclamation_mark
purple_bow,0,37537,
bikini_top_only,0,37530,bikini_top
seiza,0,37522,sitting_on_knees
heavy_breathing,0,37463,panting
starry_sky,0,37419,
cake,0,37417,
single_horn,0,37393,horn
green_jacket,0,37310,
walking,0,37291,
after_sex,0,37260,aftersex
idolmaster_shiny_colors,3,37256,shiny_colors
blue_footwear,0,37250,"blue_boots,blue_shoes"
arm_behind_back,0,37214,hand_behind_back
mature_male,0,37192,dilf
wading,0,37164,"standing_in_liquid,walking_in_liquid"
official_alternate_hairstyle,0,37114,alternate_hairstyle_(official)
asymmetrical_legwear,0,37022,
reflection,0,37011,
fish,0,36907,
between_legs,0,36883,
duplicate,5,36878,"dupe,repost"
green_dress,0,36753,
angel_wings,0,36709,
frilled_bikini,0,36667,frilled_bikini_bottom
alcohol,0,36634,
handjob,0,36595,"hand_job,tekoki"
idolmaster_(classic),3,36522,
clothed_sex,0,36497,
white_coat,0,36466,
mole_on_breast,0,36412,
robe,0,36402,robes
masturbation,0,36368,"masturbate,masturbating,onani"
tareme,0,36331,
check_translation,5,36327,translation_check
tray,0,36289,"platter,serving_tray"
personification,0,36259,"anthropomorphism,gijinka"
high-waist_skirt,0,36252,
black-framed_eyewear,0,36218,black-framed_glasses
swim_ring,0,36208,
ribbed_sweater,0,36189,
grey_jacket,0,36131,"gray_jacket,silver_jacket"
furrowed_brow,0,36127,furrowed_eyebrows
cross-laced_footwear,0,36117,cross_laced_footwear
pendant,0,36080,
headset,0,35989,
brown_jacket,0,35918,brown_blazer
forest,0,35638,woods
spoilers,5,35591,spoiler
crying_with_eyes_open,0,35579,
puffy_nipples,0,35511,"puffy_areolae,puffy_nipple"
kochiya_sanae,4,35477,"kotiya_sanae,/ks"
blood_on_face,0,35397,bloody_face
brown_pantyhose,0,35292,
long_skirt,0,35271,
konpaku_youmu,4,35176,/ky
kemonomimi_mode,0,35151,
pouch,0,35121,pouches
love_live!_school_idol_project,3,35051,
komeiji_koishi,4,35033,
arm_behind_head,0,35016,hand_behind_head
long_fingernails,0,34997,long_nails_(fingers)
halloween,0,34900,
alice_margatroid,4,34864,/am
legs_up,0,34837,
goggles_on_head,0,34832,goggle_on_head
cirno,4,34810,
furry_female,0,34795,female_furry
partially_submerged,0,34726,
sailor_dress,0,34716,
age_difference,0,34702,older_on_younger
turtleneck_sweater,0,34623,
bulge,0,34618,
purple_skirt,0,34581,
patchouli_knowledge,4,34566,/pk
rain,0,34509,raining
white_wings,0,34507,
@_@,0,34478,"al_bhed_eyes,spiral_eyes,swirly_eyes"
santa_hat,0,34287,"christmas_hat,stocking_cap"
crossdressing,0,34278,"crossdress,crossplay,transvestite"
raised_eyebrows,0,34211,
black_sleeves,0,34195,
white_shorts,0,34181,
short_ponytail,0,34127,
spoken_ellipsis,0,34043,
curly_hair,0,33980,curls
one-hour_drawing_challenge,0,33943,"1draw,wandoro"
one_piece,3,33902,
jitome,0,33788,flat_gaze
legs_apart,0,33724,
backlighting,0,33655,"backlit,bright_background"
hand_in_pocket,0,33633,
hand_in_own_hair,0,33606,"hand_in_hair,hand_on_hair"
hand_on_another's_head,0,33454,
mature_female,0,33417,"mature,mature_woman,milf"
brown_skirt,0,33406,
persona,3,33381,
white_hairband,0,33369,
green_shirt,0,33351,green_blouse
condom,0,33347,condoms
thong,0,33339,thong_panties
bubble,0,33319,bubbles
red_bikini,0,33317,"red_bikini_bottom,red_bikini_top"
cuffs,0,33287,cuff
futanari,0,33284,"dickgirl,futa"
fake_tail,0,33247,fake_animal_tail
out_of_frame,0,33238,
red_hat,0,33224,
yellow_flower,0,33211,
denim_shorts,0,33102,"daisy_dukes,daisydukes,jean_shorts"
animal_hands,0,33090,"animal_paws,paw,paws"
cigarette,0,33082,"cigarete,cigarettes,cigarrete,cigarrette"
white_bra,0,33023,
unworn_headwear,0,33006,"headwear_off,headwear_removed"
upskirt,0,33002,
thought_bubble,0,32870,thought_balloon
empty_eyes,0,32863,dead_eyes
dress_lift,0,32733,
yakumo_yukari,4,32714,/yy
faceless_male,0,32709,mister_x
yellow_ribbon,0,32673,
star_hair_ornament,0,32653,
top_hat,0,32588,"magician_hat,tophat"
flying,0,32574,
red-framed_eyewear,0,32468,"red-framed_glasses,red_framed_glasses,red-rimmed_glasses"
pauldrons,0,32452,"pauldron,spaulders"
epaulettes,0,32337,
4boys,0,32307,4boy
gym_uniform,0,32293,gym_clothes
blue_pants,0,32225,
belt_buckle,0,32212,
broom,0,32179,broomstick
emphasis_lines,0,32132,
fingering,0,32124,fingers_in_pussy
striped_shirt,0,32027,striped_blouse
teacup,0,32026,"tea_cup,teacups"
blue_hat,0,32008,
furry_male,0,31995,male_furry
ribbon-trimmed_sleeves,0,31916,
light_blue_hair,0,31813,
bowl,0,31803,bowls
red_scarf,0,31791,
white_kimono,0,31742,white_yukata
cumdrip,0,31607,cum_drip
6+boys,0,31598,"6+boy,6boy,6boys"
hat_ornament,0,31572,
dog_tail,0,31570,african_wild_dog_tail
wide-eyed,0,31543,"eyes_wide,shocked_eyes,wide_eyed,wide_eyes"
honkai_impact_3rd,3,31506,
school_bag,0,31447,schoolbag
sports_bra,0,31413,
tanlines,0,31391,"tan_line,tanline,tan_lines"
asymmetrical_bangs,0,31347,asymmetric_bangs
stubble,0,31293,
:q,0,31288,:9
colored_eyelashes,0,31159,"aqua_eyelashes,blonde_eyelashes,blue_eyelashes,coloured_eyelashes,green_eyelashes,grey_eyelashes,multicolored_eyelashes,orange_eyelashes,pink_eyelashes,purple_eyelashes,red_eyelashes,silver_eyelashes,white_eyelashes"
head_rest,0,31064,chin_rest
plump,0,31006,"chubby,muchi"
knees_together_feet_apart,0,30913,knees_touching
monster,0,30846,monsters
twins,0,30801,
running,0,30791,run
rabbit_girl,0,30767,
innertube,0,30766,"inner_tube,swim_ring"
multicolored_eyes,0,30677,
rape,0,30613,
holding_umbrella,0,30610,holding_parasol
lolita_fashion,0,30592,lolita
black_serafuku,0,30585,
blue_bowtie,0,30582,
competition_swimsuit,0,30564,
braided_ponytail,0,30563,
purple_flower,0,30561,
purple_shirt,0,30553,purple_blouse
sideburns,0,30550,
tentacle_hair,0,30536,
fins,0,30497,fin
shoulder_bag,0,30429,
dual_wielding,0,30423,"double_wield,dual_wield"
drinking_straw,0,30422,straw_(drinking)
hands_on_own_hips,0,30406,"akimbo,hands_on_hips,hands_on_waist"
mini_person,0,30357,
buruma,0,30317,"bum_huggers,bun_huggers,running_briefs"
doggystyle,0,30192,doggy_style
boku_no_hero_academia,3,30180,my_hero_academia
sun_hat,0,30164,sunhat
dog,0,30105,dogs
bandaged_arm,0,30028,bandaged_arms
shirt_tucked_in,0,29954,tucked_in_shirt
blue_one-piece_swimsuit,0,29939,blue_swimsuit
watch,0,29933,
jeans,0,29929,blue_jeans
doujin_cover,0,29924,
red_rose,0,29922,
spread_pussy,0,29913,"open_pussy,pussy_spread,spreadpussy,spread_vagina"
contrapposto,0,29822,
legs_together,0,29784,"knees_together,knees_together_feet_together"
asymmetrical_hair,0,29730,
height_difference,0,29730,
hairpin,0,29723,"hair_pin,hairpins"
paper,0,29599,
blurry_foreground,0,29595,
holding_staff,0,29554,
cum_in_mouth,0,29483,"cumshot_in_mouth,oral_cumshot,semen_in_mouth"
fur_collar,0,29440,
wolf_girl,0,29424,
threesome,0,29329,3p
reaching,0,29238,reach
looking_ahead,0,29235,
notice_lines,0,29145,realization_lines
panties_under_pantyhose,0,29078,"panties_behind_pantyhose,panties_below_pantyhose,panties_underneath_pantyhose,panties_under_pantiehose"
source_request,5,29034,"cg_request,need_source,no_source,/src"
sunset,0,29012,
shameimaru_aya,4,28997,/sa
winter_uniform,0,28976,
thighband_pantyhose,0,28962,
collared_dress,0,28955,
garter_belt,0,28908,"/gar,garterbelt"
mustache,0,28892,moustache
neon_genesis_evangelion,3,28877,"evangelion,/nge,shin_seiki_evangelion"
naughty_face,0,28778,naughty_smile
hair_down,0,28747,hairdown
dragon_tail,0,28747,
missionary,0,28742,missionary_position
nontraditional_miko,0,28673,
hoop_earrings,0,28668,hoop_earring
straight-on,0,28567,head-on
santa_costume,0,28560,"santa,santa_outfit,santa_suit"
ghost,0,28489,ghosts
long_bangs,0,28488,
+_+,0,28444,"cross-shaped_pupils,star_eyes,starry_eyes"
long_dress,0,28434,
ass_focus,0,28393,pov_ass
partially_fingerless_gloves,0,28392,partly_fingerless_gloves
mouth_mask,0,28380,face_mask
serious,0,28345,stern
torn_pantyhose,0,28315,
white_leotard,0,28260,
circlet,0,28232,
under-rim_eyewear,0,28227,"under-rim_glasses,under_rim_glasses"
poke_ball,0,28209,"monster_ball,pokeball,poke_balls,pokeballs"
the_legend_of_zelda,3,28193,"legend_of_zelda,/loz,zelda_no_densetsu"
league_of_legends,3,28189,
rabbit,0,28087,"bunny,rabbits"
aged_up,0,27955,older
shield,0,27948,shields
orange_background,0,27936,/orangebg
dog_girl,0,27906,
pink_lips,0,27906,pink_lipstick
pokemon_swsh,3,27900,"pokemon_shield,pokemon_sword"
machinery,0,27898,
mug,0,27751,
wooden_floor,0,27692,hardwood_floor
bouquet,0,27672,bouquets
black_bodysuit,0,27670,
lollipop,0,27656,"lolipop,lollipops"
resolution_mismatch,5,27615,
injury,0,27570,"injured,injuries,wounded,wounds"
short_eyebrows,0,27457,
breastplate,0,27381,"breast_plate,chest_plate,chestplate"
2koma,0,27345,
teddy_bear,0,27340,"stuffed_bear,teddybear"
blue_theme,0,27340,
mirror,0,27284,mirrors
chinese_text,0,27271,chinese
skull,0,27251,skulls
lantern,0,27184,lanterns
reisen_udongein_inaba,4,27138,/rui
oni,0,27115,
impossible_clothes,0,27115,impossible_clothing
rock,0,27106,rocks
female_masturbation,0,27066,masturbation_(female)
yu-gi-oh!,3,26980,"/ygo,yu-gi-oh,yugioh,yugioh!,yu-gi-ou,yu-gi-ou!,yuugioh,yuu-gi-ou"
paw_pose,0,26926,"cat_pose,dog_pose"
ice,0,26901,
double_v,0,26900,double_peace
white_outline,0,26831,
brother_and_sister,0,26798,
smirk,0,26777,
popsicle,0,26742,icelolly
fujiwara_no_mokou,4,26736,"/fm,/fnm,fujiwara_mokou,huziwara_no_mokou"
bouncing_breasts,0,26711,
breasts_squeezed_together,0,26695,"breast_squeeze,breasts_squeeze"
shawl,0,26692,
enmaided,0,26688,
sheathed,0,26681,
hand_between_legs,0,26641,hands_between_legs
scar_across_eye,0,26627,eye_scar
abyssal_ship,0,26612,shinkaisei-kan
brown_belt,0,26605,
striped_bow,0,26583,
mini_hat,0,26549,"minihat,tiny_hat"
=_=,0,26518,
pajamas,0,26517,"pajama,pyjama,pyjamas"
open_book,0,26482,
v_arms,0,26421,v-arms
pink_jacket,0,26399,
water_drop,0,26388,"droplet,droplets,rain_drop,raindrop,rain_drops,raindrops,water_droplets,water_drops"
final_fantasy_xiv,3,26350,"/ff14,ff14,ffxiv"
shiny_clothes,0,26344,
sarashi,0,26320,"bandage_bra,bandagebra"
striped_bikini,0,26256,
toenail_polish,0,26253,
bags_under_eyes,0,26228,"dark_circles,eyebags,eye_circles"
crystal,0,26226,crystals
card,0,26212,cards
glint,0,26186,
waving,0,26185,wave
akemi_homura,4,26179,
off-shoulder_dress,0,26164,
sideways_glance,0,26112,side_glance
final_fantasy_vii,3,26101,"/ff7,ff7,ffvii,final_fantasy_7"
eyebrows_hidden_by_hair,0,26084,eyebrows_behind_hair
fishnet_pantyhose,0,26033,
k-on!,3,26010,"keion,keion!,k-on,k-on!!,kon!"
arms_at_sides,0,25991,
large_penis,0,25896,big_penis
:t,0,25886,
komeiji_satori,4,25878,
can,0,25875,cans
jpeg_artifacts,5,25866,"jpeg_artefacts,jpegartifacts,jpg_artifacts"
stairs,0,25819,"stair,staircase,stairway,steps"
upside-down,0,25782,"upside_down,upsidedown"
black_horns,0,25769,
light_rays,0,25756,
pink_footwear,0,25696,"pink_boots,pink_shoes"
on_floor,0,25680,sitting_on_floor
hug_from_behind,0,25674,back_hug
dragon,0,25667,
fur-trimmed_jacket,0,25664,fur-lined_jacket
handbag,0,25639,"hand_bag,purse"
stud_earrings,0,25602,"ear_stud,ear_studs"
third-party_source,5,25564,
lab_coat,0,25555,labcoat
object_insertion,0,25547,insertion
leash,0,25528,
new_year,0,25507,"newyear,new_years"
cleft_of_venus,0,25486,
red_cape,0,25477,
holding_flower,0,25430,
kaname_madoka,4,25425,
veiny_penis,0,25411,
minigirl,0,25409,mini_girl
snowing,0,25359,falling_snow
military_hat,0,25359,military_cap
pout,0,25352,pouting
heart_hair_ornament,0,25315,
sign,0,25281,signs
city,0,25208,
backless_outfit,0,25183,"backless,open_back"
!?,0,25158,"!!?,!?!,?!,?!!,interrobang"
blue_halo,0,25151,
hong_meiling,4,25117,ex-meiling
unworn_hat,0,25100,"hat_off,hat_removed"
street_fighter,3,25043,"/sf,streetfighter"
oekaki,0,25042,
forehead_mark,0,25035,
splatoon_(series),3,25033,splatoon
eyeliner,0,25004,
yukata,0,24958,
bandaid_on_face,0,24926,
sharp_fingernails,0,24903,pointy_fingernails
meme_attire,0,24880,
adjusting_clothes,0,24875,
blue_skin,0,24852,
black_collar,0,24845,
steaming_body,0,24844,
spear,0,24809,spears
ice_cream,0,24789,"ice-cream,icecream,ice-creams,ice_creams,icecreams"
fire_emblem_heroes,3,24768,
motion_blur,0,24755,
korean_text,0,24743,korean
foot_out_of_frame,0,24733,
hand_on_another's_shoulder,0,24694,
pink_halo,0,24690,
chopsticks,0,24686,chopstick
drink,0,24654,"beverage,drinks"
hugging_object,0,24623,object_hug
animal_hood,0,24607,
purple_nails,0,24600,"lavender_nails,purple_fingernails"
spoon,0,24599,spoons
strawberry,0,24574,strawberries
sportswear,0,24572,sports_uniform
tiles,0,24565,tile
jumping,0,24549,jump
protected_link,5,24527,
sand,0,24496,
borrowed_character,0,24493,
lyrical_nanoha,3,24484,
arrow_(symbol),0,24473,"directional_arrow,directional_arrows,directional_arrows"
holding_unworn_clothes,0,24439,holding_clothes
blue_gloves,0,24329,
third-party_edit,5,24318,"edited,photoshopped"
muscular_female,0,24309,
red_hairband,0,24271,
low_wings,0,24267,"hip_wings,lower_back_wings,waist_wings"
mouse_ears,0,24263,"nezumimi,rat_ears"
hands_in_pockets,0,24261,
red_lips,0,24258,red_lipstick
hair_behind_ear,0,24258,
blue_panties,0,24222,
saigyouji_yuyuko,4,24206,/sy
bespectacled,0,24194,
suzumiya_haruhi_no_yuuutsu,3,24180,"/shny,suzumiya_haruhi_no_yuutsu,the_melancholy_of_haruhi_suzumiya"
chainsaw_man,3,24166,
princess_connect!,3,24147,"priconne,princess_connect!_re:dive"
music,0,24131,
chocolate,0,24123,
animal_focus,0,24110,
black_cape,0,24079,
butt_crack,0,24078,"ass_crack,buttcrack,posterior_cleavage"
goatee,0,24071,
front-tie_bikini_top,0,24032,front-tie_bikini
fake_horns,0,24026,
railing,0,23974,
foot_focus,0,23949,"feet_focus,pov_feet"
holding_knife,0,23942,
blue_kimono,0,23934,blue_yukata
pixel-perfect_duplicate,5,23922,
single_side_bun,0,23918,side_bun
bow_(weapon),0,23879,bow_and_arrow
mountain,0,23879,mountains
outstretched_hand,0,23866,"hand_outstretched,hands_outstretched,outstretched_hands"
fork,0,23862,
shrug_(clothing),0,23853,naked_shrug
hand_on_own_cheek,0,23852,"hand_on_cheek,hand_to_cheek"
nun,0,23840,
cum_overflow,0,23822,overflow
chromatic_aberration,0,23816,
;),0,23809,
contemporary,0,23785,modern_clothing
o_o,0,23781,o.o
double-breasted,0,23769,
butterfly_hair_ornament,0,23756,
criss-cross_halter,0,23754,criss_cross_halter
hat_flower,0,23754,
pixiv_commission,5,23713,pixiv_request
drawstring,0,23687,drawstrings
toaru_majutsu_no_index,3,23676,"a_certain_magical_index,to_aru_majutsu_no_index"
nipple_stimulation,0,23664,
purple_ribbon,0,23627,
page_number,0,23622,
sound_effects,0,23478,"onomatopoeia,sfx"
pasties,0,23470,
visor_cap,0,23469,
fence,0,23460,
layered_sleeves,0,23447,
idolmaster_million_live!,3,23436,"idolmaster_million_live,/iml,million_live"
yellow_ascot,0,23427,yellow_jabot
ofuda,0,23414,paper_talisman
long_legs,0,23398,
straw_hat,0,23383,
back_bow,0,23371,
no_nose,0,23363,
nurse_cap,0,23361,nurse_hat
branch,0,23329,"branches,tree_branch"
fate/extra,3,23311,
fighting_stance,0,23267,battle_stance
black_one-piece_swimsuit,0,23261,black_swimsuit
tabard,0,23238,
alternate_color,0,23179,"/ac,/acol,alternate_colors,alternative_color"
world_witches_series,3,23171,
arm_tattoo,0,23161,
green_ribbon,0,23137,
skirt_hold,0,23132,dress_hold
large_areolae,0,23111,"big_areola,big_areolae,large_areola"
center_frills,0,23108,
smoking,0,23096,
sitting_on_person,0,23083,sitting_on
palm_tree,0,23045,palm_trees
panties_aside,0,23021,panty_aside
tinted_eyewear,0,23005,colored_lenses
dakimakura_(medium),0,22958,dakimakura
white_sweater,0,22941,
interracial,0,22934,
blue_leotard,0,22886,
brown_dress,0,22871,
off-shoulder_shirt,0,22843,
bandana,0,22830,bandanna
black_sclera,0,22809,
pov_hands,0,22805,hand_pov
mario_(series),3,22798,
tress_ribbon,0,22785,
beanie,0,22777,"toque,tuque"
realistic,0,22772,
underwater,0,22746,under_water
inubashiri_momiji,4,22721,inubashiri_momizi
crown_braid,0,22720,
grey_pants,0,22714,gray_pants
character_doll,0,22713,
covering_own_mouth,0,22699,"covering_mouth,hands_over_mouth,hands_over_own_mouth,hiding_mouth"
full-face_blush,0,22695,full_face_blush
red_vest,0,22677,
jacket_on_shoulders,0,22665,"coat_on_shoulders,coat_over_shoulders,jacket_over_shoulders"
spaghetti_strap,0,22659,spaghetti_straps
falling_petals,0,22602,"flying_petals,petals_in_wind"
hime_cut,0,22595,"himecut,princess_cut"
wedding_dress,0,22587,weddingdress
hair_tie,0,22564,"hairtie,hair_ties"
fire_emblem:_three_houses,3,22532,fire_emblem:_fuukasetsugetsu
vibrator,0,22518,vibrators
kneepits,0,22494,"knee_pit,kneepit"
hair_bell,0,22483,"bell_hair_ornament,hairbell,hair_bells,hairbells"
xenoblade_chronicles_(series),3,22460,xenoblade_(series)
dragon_ball,3,22423,"/db,dragonball"
holding_bag,0,22373,"holding_backpack,holding_purse"
floral_background,0,22338,"/floralbg,flower_background"
door,0,22275,doors
zoom_layer,0,22262,zoomlayer
camera,0,22242,
bloomers,0,22217,
flipped_hair,0,22168,soto-hane
facing_away,0,22134,
folded_ponytail,0,22096,
nose,0,22044,
valentine,0,22043,"valentien,valentines,valentine's_day,valentines_day"
white_scarf,0,22042,
body_fur,0,21968,
vision_(genshin_impact),0,21961,
horizon,0,21951,
tracen_school_uniform,0,21896,
brown_shirt,0,21864,brown_blouse
apple,0,21798,"apples,red_apple"
smug,0,21797,
zenless_zone_zero,3,21767,zzz_(game)
dildo,0,21763,
frilled_shirt,0,21728,frilled_blouse
licking_lips,0,21686,lip_licking
cum_on_hair,0,21674,"cum_in_hair,semen_on_hair"
orange_bow,0,21631,
yellow_jacket,0,21593,
blunt_ends,0,21554,
|_|,0,21534,||_||
size_difference,0,21517,
blindfold,0,21516,blindfolded
android,0,21511,gynoid
kaga_(kancolle),4,21496,kaga_(kantai_collection)
artist_logo,0,21483,
heart_hands,0,21472,
print_bikini,0,21362,
summer_uniform,0,21360,
doll,0,21359,dolls
reaching_towards_viewer,0,21355,reaching_out
blood_on_clothes,0,21340,"blood-stained_clothes,bloody_clothes"
suspender_skirt,0,21336,jumper_skirt
white_one-piece_swimsuit,0,21312,white_swimsuit
covered_mouth,0,21285,"hidden_mouth,mouth_covered"
on_chair,0,21282,
anklet,0,21260,"ankle_bracelet,ankle_bracelets,anklets,leg_bracelet"
sunflower,0,21255,sunflowers
grabbing_from_behind,0,21210,
black_sweater,0,21133,
highleg_panties,0,21127,
covering_breasts,0,21099,"breast_cover,breast_covering,breasts_covering,handbra"
snake,0,21098,snakes
kagamine_rin,4,21097,/kr
gag,0,21010,
pinafore_dress,0,21000,jumper
tail_ornament,0,20999,
potted_plant,0,20952,potted_plants
shota,0,20949,
adjusting_eyewear,0,20929,"adjusting_glasses,adjusting_sunglasses"
very_short_hair,0,20914,
pink_bikini,0,20894,"pink_bikini_bottom,pink_bikini_top"
sun,0,20879,
animated_gif,5,20836,gif
pokemon_sv,3,20831,"pokemon_scarlet,pokemon_violet"
center_opening,0,20741,absolute_cleavage
double-parted_bangs,0,20737,
panties_around_one_leg,0,20735,"panties_around_leg,/paol"
overalls,0,20733,
headpiece,0,20731,
tachi-e,0,20730,
absurdly_long_hair,0,20709,"extremely_long_hair,hair_past_feet"
mecha_pilot_suit,0,20685,
bocchi_the_rock!,3,20663,
head_out_of_frame,0,20660,"cropped_head,eyes_out_of_frame"
antennae,0,20657,antenna
blanket,0,20656,
selfie,0,20566,self_shot
adjusting_hair,0,20537,
angel,0,20529,"angel_costume,angels,archangel,tenshi"
top-down_bottom-up,0,20513,"ass-up_head-down,face-down_ass-up,face_down_ass_up,/tdbu,top-down-bottom-up,top_down_bottom_up"
chibi_only,0,20508,
spread_arms,0,20493,arms_spread
car,0,20481,cars
wand,0,20469,magic_wand
miko,0,20463,shrine_maiden
alternate_hair_length,0,20458,"/ahl,alternative_hair_length"
food_on_face,0,20438,food_on_cheek
pink_bra,0,20423,
hanging_breasts,0,20415,"hanging_boob,hangingboob"
underbust,0,20411,
hair_over_eyes,0,20393,hair_covering_eyes
star-shaped_pupils,0,20387,
pleated_dress,0,20384,
love_live!_sunshine!!,3,20293,
hair_spread_out,0,20264,
ship_turret,0,20252,
bandeau,0,20248,
yakumo_ran,4,20243,/yr
cross-laced_clothes,0,20137,cross-laced_clothing
sailor_shirt,0,20137,
aircraft,0,20105,
guitar,0,20091,
partially_visible_vulva,0,20060,
brown_thighhighs,0,20045,
pen,0,20013,
folding_fan,0,19996,
clock,0,19970,clocks
card_(medium),0,19945,
ahegao,0,19890,
holding_bottle,0,19878,
white_fur,0,19868,
painting_(medium),5,19856,paint_(medium)
bang_dream!,3,19836,
danganronpa_2:_goodbye_despair,3,19826,"dangan-ronpa_2,dangan_ronpa_2,super_dangan-ronpa_2,super_dangan_ronpa_2,super_danganronpa_2"
cropped_shirt,0,19805,
project_moon,3,19785,
gift_box,0,19767,
gakuran,0,19722,
clitoris,0,19716,clit
yokozuwari,0,19710,
ringed_eyes,0,19681,
pixel_art,0,19658,sprite
microskirt,0,19619,
saliva_trail,0,19592,saliva_string
ear_covers,0,19591,
shoulder_cutout,0,19571,
bound_wrists,0,19562,"bound_hands,hands_bound,hands_tied,tied_hands,tied_wrists,wrists_bound"
cabbie_hat,0,19554,
food-themed_hair_ornament,0,19517,"food_hair_ornament,food_themed_hair_ornament"
antlers,0,19511,
pokemon_(anime),3,19494,/pkani
brown_pants,0,19471,
bookshelf,0,19454,"bookcase,bookshelves"
leaning_back,0,19421,
white_capelet,0,19421,
kaenbyou_rin,4,19410,orin
hand_on_headwear,0,19408,hand_on_hat
partially_translated,5,19404,"partial_translation,partly_translated"
wristwatch,0,19404,wrist_watch
spoken_question_mark,0,19402,
zipper_pull_tab,0,19377,
konpaku_youmu_(ghost),4,19337,myon
basket,0,19318,
silent_comic,0,19316,
name_tag,0,19313,nametag
creature,0,19309,creatures
confetti,0,19292,
self-upload,5,19276,self_upload
arrow_(projectile),0,19252,arrows
fate/apocrypha,3,19239,
breast_pocket,0,19227,"chest_pocket,shirt_pocket"
emblem,0,19224,
huge_ass,0,19199,"big_ass,big_butt,thick_ass"
arm_warmers,0,19170,armwarmers
bishounen,0,19170,"bishi,bishonen,bishounens"
rumia,4,19142,
scales,0,19142,
on_head,0,19128,
armpit_crease,0,19122,
arched_back,0,19084,
midriff_peek,0,19071,"belly_peek,stomach_peek"
electricity,0,19070,
purple_jacket,0,19067,
guilty_gear,3,19040,"/gg,guiltygear"
pokemon_sm,3,19021,"pokemon_moon,pokemon_sun,pokemon_sun_and_moon"
food_in_mouth,0,19013,
on_couch,0,18994,on_sofa
drinking,0,18956,sipping
moriya_suwako,4,18954,/ms
wrist_scrunchie,0,18944,scrunchie_on_wrist
bikini_under_clothes,0,18939,
lactation,0,18911,"lactating,milk_breasts,milking"
mask_on_head,0,18908,
tabi,0,18877,
grey_dress,0,18867,gray_dress
copyright_notice,0,18864,"all_rights_reserved,copyright,trademark_notice"
bush,0,18857,"bushes,shrubbery"
gagged,0,18849,
eighth_note,0,18769,quaver
shimakaze_(kancolle),4,18723,"shimakaze_(kantai_collection),zekamashi"
inactive_account,5,18711,
cable,0,18691,"cables,cord,cords,electrical_wire,electric_cable"
pool,0,18651,swimming_pool
geta,0,18641,
bodystocking,0,18600,bodystocking_under_clothes
sailor_hat,0,18556,sailor_cap
green_skin,0,18550,
checkered_clothes,0,18534,checkered_clothing
bun_cover,0,18473,bun_covers
glass,0,18448,
shared_bathing,0,18441,"2girls1tub,shared_bathtub"
black_kimono,0,18406,black_yukata
petticoat,0,18400,
danganronpa_v3:_killing_harmony,3,18383,"danganronpa_v3,new_danganronpa_v3"
winter_clothes,0,18376,
tube_top,0,18368,tubetop
single_bare_shoulder,0,18363,
gangbang,0,18356,"gang_bang,gang_rape,gangrape,gang_sex,gangsex"
onsen,0,18350,"hot_spring,hotspring,hot_springs"
holding_fan,0,18342,
classroom,0,18312,class_room
hand_on_another's_face,0,18311,
sensei_(blue_archive),4,18306,
claw_pose,0,18294,
miki_sayaka,4,18291,
cow_print,0,18274,cowprint
cheerleader,0,18252,cheergirl
halloween_costume,0,18236,
split_mouth,0,18231,disconnected_mouth
feather_hair_ornament,0,18229,"feather_in_hair,hair_feather,hair_feathers"
petite,0,18219,
bird_wings,0,18212,
holding_tray,0,18190,
holding_microphone,0,18177,
ganyu_(genshin_impact),4,18168,"ganyu,kan'u_(genshin_impact)"
chen,4,18165,
fairy_wings,0,18151,
pom_pom_(cheerleading),0,18143,"pom-pom,pompom,pom-poms,pom_poms,pompoms,pom-pon,pompon,pom-pons,pompons"
round_teeth,0,18137,
reiuji_utsuho,4,18087,okuu
jack-o'-lantern,0,18086,"jack-o-lantern,jack_o'_lantern,jack_o_lantern"
symbol_in_eye,0,18081,
retro_artstyle,0,18047,oldschool
half_gloves,0,18041,short_gloves
toeless_legwear,0,18040,toeless_socks
holding_polearm,0,18013,"holding_halberd,holding_lance,holding_naginata,holding_spear"
inkling,0,17999,
two-tone_dress,0,17985,
blue_hairband,0,17967,
kazami_yuuka,4,17967,kazami_yuka
joints,0,17941,
purple_gloves,0,17929,
candle,0,17926,candles
heart_censor,0,17904,censor_heart
habit,0,17896,
yellow_neckerchief,0,17870,
cow_ears,0,17869,ushimimi
hand_on_own_chin,0,17852,"hand_on_chin,hand_to_chin"
black_hoodie,0,17834,
anchor_symbol,0,17762,
witch,0,17756,"sorceress,witch_costume"
military_vehicle,0,17699,
lace-up_boots,0,17675,"laced_boots,lace_up_boots"
frog_hair_ornament,0,17634,
hair_stick,0,17623,hair_sticks
gothic_lolita,0,17613,"gosurori,gothloli"
poke_ball_(basic),0,17593,poke_ball_(generic)
brown_hat,0,17591,
nipple_slip,0,17577,"nippleslip,nip_slip,nipslip"
large_variant_set,5,17547,
text_focus,0,17539,text
vambraces,0,17528,vambrace
covered_eyes,0,17494,eyes_covered
back-to-back,0,17489,back_to_back
two-sided_fabric,0,17489,
ankle_boots,0,17479,
3d,0,17473,"3dcg,polygon"
print_shirt,0,17452,"graphic_shirt,print_blouse"
unbuttoned,0,17416,
controller,0,17406,
eyeball,0,17386,eyeballs
road,0,17344,
silhouette,0,17343,
reading,0,17334,
saber_(fate),4,17243,saber
headpat,0,17235,"head_pat,patting_head,petting"
blue_thighhighs,0,17229,
other_focus,0,17228,
school_desk,0,17217,
holding_poke_ball,0,17211,holding_pokeball
warrior_of_light_(ff14),4,17199,"avatar_(ff14),avatar_(ffxiv)"
leg_lift,0,17188,"leg_raise,leg_raised,raised_leg"
ugoira,5,17184,
magic,0,17161,
japanese_armor,0,17161,"japanese_armour,samurai_armor"
mash_kyrielight,4,17158,shielder_(fate/grand_order)
sound,5,17140,"flash_with_sound,has_audio,video_with_sound"
highleg_one-piece_swimsuit,0,17103,
flag,0,17046,flags
talking,0,17037,
bare_back,0,17014,
cityscape,0,17007,
pulling_own_clothes,0,16992,pulled_by_self
assault_rifle,0,16983,
voiceroid,3,16983,
balloon,0,16977,balloons
lowleg,0,16960,
hands_on_own_face,0,16951,"hands_on_face,hands_to_face"
animification,0,16947,
purple_bikini,0,16933,"purple_bikini_bottom,purple_bikini_top"
nipple_tweak,0,16926,nipple_pinch
swimsuit_under_clothes,0,16920,/suc
w,0,16915,
limited_palette,0,16912,restricted_palette
hibiki_(kancolle),4,16904,hibiki_(kantai_collection)
red_kimono,0,16888,red_yukata
open_cardigan,0,16855,open_sweater
mini_crown,0,16813,tiny_crown
blue_neckerchief,0,16808,
bangle,0,16803,bangles
hand_to_own_mouth,0,16796,"hand_on_lips,hands_to_mouth,hands_to_own_mouth,hand_to_lip,hand_to_mouth"
xenoblade_chronicles_2,3,16792,xenoblade_2
white_cape,0,16791,
lamp,0,16774,lamps
cannon,0,16755,cannons
after_vaginal,0,16724,
taut_clothes,0,16724,taut_clothing
pocky,0,16712,pepero
tatami,0,16710,
haori,0,16701,
sleeve_cuffs,0,16696,"cuffed_sleeves,cuff_sleeve,cuff_sleeves,sleeve_cuff"
overwatch,3,16681,
hashtag-only_commentary,5,16662,hashtag_only_commentary
+++,0,16655,
blue_vest,0,16647,
tatara_kogasa,4,16636,
blue_rose,0,16610,
re:zero_kara_hajimeru_isekai_seikatsu,3,16568,"re:zero,re_zero,re:zero_-_starting_life_in_another_world,re:zero_â_starting_life_in_another_world"
red_halo,0,16545,
print_kimono,0,16543,print_yukata
armored_boots,0,16542,metal_boots
kawashiro_nitori,4,16538,
multiple_others,0,16532,
id_card,0,16524,
kono_subarashii_sekai_ni_shukufuku_wo!,3,16497,"konosuba,konosuba:_god's_blessing_on_this_wonderful_world!,kono_subarashii_sekai_ni_shukufuku_o!"
red_choker,0,16457,
photo_(medium),5,16450,
shigure_(kancolle),4,16444,shigure_(kantai_collection)
sword_art_online,3,16404,/sao
hitodama,0,16392,"fox_fire,soul_flame,spirit_flame"
naruto_(series),3,16387,
3koma,0,16387,
holding_instrument,0,16367,"holding_guitar,holding_violin"
battle,0,16353,
cow_horns,0,16352,
touken_ranbu,3,16312,torabu
mittens,0,16309,mitts
male_underwear,0,16293,underwear_(male)
bench,0,16290,
femdom,0,16280,
wedding_ring,0,16273,wedding_band
sample_watermark,0,16268,sample
fairy,0,16261,"faerie,fairies,pixie"
kamishirasawa_keine,4,16250,/kk
inverted_nipples,0,16233,sunken_nipples
tales_of_(series),3,16230,
beachball,0,16190,beach_ball
sundress,0,16185,"summer_dress,summerdress,sun_dress"
ninja,0,16168,kunoichi
riding,0,16151,
dark_blue_hair,0,16143,
space,0,16140,outer_space
patreon_logo,0,16116,
triangle_mouth,0,16107,
orgasm,0,16091,
strike_witches,3,16072,/sw
monogatari_(series),3,16060,
nurse,0,16055,"nurse_outfit,nurse_uniform"
polka_dot_background,0,16048,"/pdbg,polka-dot_background,/polkadotbg"
open_fly,0,16048,"unbuttoned_pants,unbuttoned_shorts"
red_horns,0,16032,
chestnut_mouth,0,16028,
headdress,0,16012,
disposable_cup,0,15999,"paper_cup,plastic_cup,soda_cup"
happy_sex,0,15991,
undercut,0,15989,
hinanawi_tenshi,4,15989,"hinanai_tenshi,tenshi_hinanai"
horn_ornament,0,15986,
fantasy,0,15979,
wet_shirt,0,15973,"wet_blouse,wetshirt,wet_t-shirt"
salute,0,15960,
chibi_inset,0,15943,
white_choker,0,15942,
torn_thighhighs,0,15932,
tile_floor,0,15920,
gohei,0,15914,
fish_tail,0,15908,tail_fin
fishnet_thighhighs,0,15903,
goddess_of_victory:_nikke,3,15894,
green_hat,0,15887,
forehead_jewel,0,15885,forehead_gem
open_hand,0,15857,
scythe,0,15809,
stuffed_rabbit,0,15793,stuffed_bunny
ear_ornament,0,15790,
duel_monster,0,15790,
hand_on_own_head,0,15781,
yellow_dress,0,15770,
red_ascot,0,15768,red_jabot
wind_lift,0,15762,"ecchi_no_kaze,skirt_blow,windlift"
laughing,0,15759,laugh
wide_shot,0,15745,
office_lady,0,15736,"officelady,ol"
bucket,0,15735,pail
unzipped,0,15723,
shoulder_tattoo,0,15702,
paid_reward,5,15698,
purple_thighhighs,0,15696,
crotch_seam,0,15690,
animal_costume,0,15687,
white_eyes,0,15682,
stretching,0,15680,stretch
tight_clothes,0,15675,tight
looking_afar,0,15655,
chinese_zodiac,0,15652,
tiger_ears,0,15646,
sakura_kyoko,4,15638,sakura_kyouko
bridal_garter,0,15636,"leg_garter,thigh_garter"
fate/zero,3,15636,fate_zero
paw_gloves,0,15624,
black_border,0,15622,
mechanical_arms,0,15565,"robot_arms,robotic_arms"
tall_image,5,15548,
holster,0,15520,
brown_coat,0,15515,
check_commentary,5,15499,
naked_shirt,0,15489,nude_shirt
ragnarok_online,3,15479,"ragnarokonline,/ro"
fire_emblem_fates,3,15473,fire_emblem_if
yellow_bikini,0,15452,"yellow_bikini_bottom,yellow_bikini_top"
scar_on_cheek,0,15430,cheek_scar
bald,0,15429,
tomoe_mami,4,15426,
arm_strap,0,15416,
armored_dress,0,15393,armoured_dress
wine_glass,0,15390,wineglass
precum,0,15388,
highleg_bikini,0,15385,
key,0,15382,keys
belly,0,15361,
hands_on_own_chest,0,15348,"hands_on_chest,hands_to_chest"
thighlet,0,15342,
style_parody,0,15336,
triangular_headpiece,0,15325,
lumine_(genshin_impact),4,15322,"female_traveler_(genshin_impact),hotaru_(genshin_impact),ying_(genshin_impact)"
on_ground,0,15314,sitting_on_ground
partially_unbuttoned,0,15285,
holding_animal,0,15271,holding_bat_(animal)
hip_focus,0,15271,hips
bridal_veil,0,15265,wedding_veil
5boys,0,15258,5boy
mechanical_halo,0,15248,
indian_style,0,15223,agura
dancing,0,15221,dance
curled_horns,0,15213,curled_horn
bishoujo_senshi_sailor_moon,3,15210,/bssm
paw_print,0,15209,"pawprint,paw_prints,pawprints"
wince,0,15178,cringe
red_thighhighs,0,15151,
shibari,0,15121,"rope_bondage,ropebondage"
star_print,0,15115,
animal_nose,0,15106,
raiden_shogun,4,15102,"baal_(genshin_impact),raiden_(genshin_impact),raiden_shogun_(genshin_impact)"
jujutsu_kaisen,3,15086,
invisible_chair,0,15078,
houraisan_kaguya,4,15050,/hk
shade,0,15046,
skin-covered_horns,0,15045,
pink_kimono,0,15033,pink_yukata
nipple_piercing,0,15032,"nipple_piercings,pierced_nipples"
link,4,15016,
incest,0,15009,
reference_sheet,0,15000,character_sheet
red_shorts,0,15000,
everyone,0,14996,"everybody,group"
cum_in_ass,0,14992,"anal_nakadashi,semen_in_anus"
wet_hair,0,14987,
yellow_halo,0,14984,
slippers,0,14978,slipper
pointless_censoring,0,14962,pointless_censorship
blue_cape,0,14948,
evil_smile,0,14919,
kill_la_kill,3,14896,
toned_male,0,14893,
bandaged_leg,0,14891,
alternate_eye_color,0,14877,"/aec,alternative_eye_color"
mystia_lorelei,4,14863,
dark,0,14860,
derivative_work,5,14841,"derivative,plagiarism"
dagger,0,14815,daggers
futa_with_female,0,14789,"female_on_futa,futa_on_female"
squiggle,0,14781,
watercolor_(medium),5,14769,"watercolor,watercolour"
:>,0,14745,
multicolored_background,0,14742,"colorful_background,/multicoloredbg"
anime_screenshot,5,14739,"anime_screencap,screencap"
harness,0,14735,
fur-trimmed_coat,0,14722,
leggings,0,14718,
frilled_bow,0,14715,
lapels,0,14707,lapel
arm_under_breasts,0,14696,
presenting,0,14695,sex_invitation
mismatched_legwear,0,14686,
white_belt,0,14673,
toaru_kagaku_no_railgun,3,14672,"a_certain_scientific_railgun,to_aru_kagaku_no_railgun"
uneven_legwear,0,14670,asymmetrical_legwear
cone_hair_bun,0,14665,hair_cones
koakuma,4,14664,
own_hands_clasped,0,14648,"clasped_hands,hands_clasped,hands_clasped,locked_fingers"
randoseru,0,14641,naked_randoseru
disembodied_hand,0,14632,"detached_hand,disembodied_hands,disembodied_limb,floating_hand"
gyaru,0,14621,
souryuu_asuka_langley,4,14621,"asuka_langley_souryuu,/sal,shikinami_asuka_langely,shikinami_asuka_langley,shikinami_asuka_langly,sohryu_asuka_langley,soryu_asuka_langley,soryuu_asuka_langly,souryuu_asuka_langly"
air_bubble,0,14603,
against_wall,0,14600,
green_nails,0,14582,green_fingernails
red_leotard,0,14581,
drunk,0,14579,
autumn_leaves,0,14557,fall_leaves
idolmaster_cinderella_girls_starlight_stage,3,14552,
unworn_eyewear,0,14515,"eyewear_removed,glasses_off,glasses_removed,sunglasses_removed"
scared,0,14510,"afraid,dread,fear,terrified"
bread,0,14502,
airplane,0,14473,"aeroplane,airplanes,plane,planes"
heart_of_string,0,14470,
gochuumon_wa_usagi_desu_ka?,3,14459,"gochiusa,gochuumon_wa_usagi_desuka?,is_the_order_a_rabbit?"
bare_pectorals,0,14456,"bare_pecs,pectorals_out_of_clothes"
layered_dress,0,14454,
holding_bouquet,0,14437,
axe,0,14421,ax
overwatch_1,3,14416,
light_frown,0,14416,
whisker_markings,0,14405,
love_live!_nijigasaki_high_school_idol_club,3,14405,perfect_dream_project
mother_and_daughter,0,14403,
computer,0,14396,
bracer,0,14391,bracers
sarong,0,14383,pareo
bow_bra,0,14378,
sleeveless_turtleneck,0,14375,
white_collar,0,14374,
mouse_tail,0,14358,rat_tail
waitress,0,14357,
pokemon_bw,3,14356,"pokemon_black,pokemon_black_and_white,pokemon_b&w,pokemon_white"
architecture,0,14329,
hugging_own_legs,0,14322,"hugging_knees,hugging_legs,knee_hug,leg_hug"
backless_dress,0,14302,"open-back_dress,open_back_dress"
multicolored_skin,0,14294,
film_grain,0,14285,"grainy,noise_(visual)"
dragon_quest,3,14280,/dq
hip_vent,0,14277,hip_cutout
tied_shirt,0,14268,
grey_skin,0,14267,gray_skin
mega_man_(series),3,14255,rockman
one_breast_out,0,14255,breast_outside
red_panties,0,14247,
white_tank_top,0,14242,
black_tank_top,0,14215,
oil-paper_umbrella,0,14180,"japanese_umbrella,oriental_umbrella,paper_umbrella,wagasa"
red_hakama,0,14166,
strap_gap,0,14166,
carrot,0,14119,carrots
facepaint,0,14115,face_paint
teapot,0,14102,tea_pot
project_sekai,3,14092,
navel_cutout,0,14089,heart_navel_cutout
field,0,14081,
happy_new_year,0,14080,
inaba_tewi,4,14076,inaba_tei
head_wreath,0,14070,flower_crown
split-color_hair,0,14065,split_hair_colors
source_smaller,5,14063,
animal_hat,0,14060,
bathing,0,14044,
short_over_long_sleeves,0,14023,"long_sleeves_under_short_sleeves,long_under_short_sleeves,short_sleeves_over_long_sleeves,/sols"
asymmetrical_gloves,0,14008,
bound_arms,0,14001,"arms_bound,arms_tied,tied_arms"
ibuki_suika,4,13980,
alternate_hair_color,0,13973,"/ahc,alternate_haircolor,alternative_hair_color"
white_ascot,0,13970,white_jabot
holding_stuffed_toy,0,13961,"holding_plush,holding_stuffed_animal"
collared_jacket,0,13957,
frog,0,13939,frogs
short_kimono,0,13932,
pink_bowtie,0,13931,
grey_footwear,0,13924,"gray_footwear,grey_boots,grey_shoes"
layered_skirt,0,13917,
imminent_penetration,0,13912,imminent_sex
hat_feather,0,13908,"feather_hat_ornament,feather_in_hat"
purple_panties,0,13885,
anchor,0,13883,
under_covers,0,13871,"in_bed,under_blanket"
sousou_no_frieren,3,13861,frieren:_beyond_journey's_end
blue_scarf,0,13858,
clothes_around_waist,0,13852,
houshou_marine,4,13841,
bedroom,0,13826,
white_rose,0,13825,
anal_object_insertion,0,13798,"anal_insertion,anal_object_push"
vampire,0,13789,vampyr
raccoon_ears,0,13787,"tanuki_ears,tanukimimi"
interspecies,0,13783,
snake_hair_ornament,0,13782,
purple_footwear,0,13772,"purple_boots,purple_shoes"
earmuffs,0,13762,"earmuff,ear_muffs"
rabbit_hair_ornament,0,13752,bunny_hair_ornament
sexually_suggestive,0,13710,innuendo
grabbing_own_breast,0,13697,self_fondle
colored_tips,0,13682,"dip-dyed_hair,frosted_tips"
used_condom,0,13678,
scabbard,0,13651,sword_sheath
ice_wings,0,13641,
flat_cap,0,13640,
kongou_(kancolle),4,13619,kongou_(kantai_collection)
rigging,0,13616,
the_king_of_fighters,3,13597,"king_of_fighters,kingoffighters,kof"
fox_mask,0,13596,kitsune_mask
leather,0,13574,
condom_wrapper,0,13573,
no_pupils,0,13558,
green_bikini,0,13554,"green_bikini_bottom,green_bikini_top"
white_hoodie,0,13548,
kagamine_len,4,13531,kagamine_ren
bikini_skirt,0,13526,
standing_sex,0,13517,
multicolored_jacket,0,13516,
idol,0,13509,
red_pants,0,13501,
bat_(animal),0,13493,"bat,bats"
string,0,13487,strings
nazrin,4,13474,
gawr_gura,4,13474,
link!_like!_love_live!,3,13444,love_live!_hasu_no_sora_jogakuin_school_idol_club
star_earrings,0,13442,star_earring
code_geass,3,13438,code_geass_hangyaku_no_lelouch_r2
knee_pads,0,13437,"knee_pad,kneepad,kneepads"
holding_plate,0,13427,
>:),0,13407,
imageboard_desourced,5,13395,
black_cat,0,13381,black_cat_(animal)
shoulder_blades,0,13381,
snowflakes,0,13380,snowflake
bukkake,0,13378,"bukake,bukakke,cum_covered,cum_everywhere"
watercraft,0,13370,
public_indecency,0,13332,"public,public_sex"
green_necktie,0,13327,
thumbs_up,0,13327,
company_name,0,13315,
naval_uniform,0,13307,
covering_crotch,0,13307,covering_pussy
weibo_watermark,0,13292,weibo_username
painttool_sai_(medium),5,13286,
french_kiss,0,13277,tongue_kiss
facial_tattoo,0,13274,"face_tattoo,facial_tattoos"
tail_raised,0,13258,"raised_tail,tail_lifted,tail_up"
princess_carry,0,13253,bridal_carry
gameplay_mechanics,0,13242,
pectoral_cleavage,0,13230,"cleavage_(male),male_cleavage"
brown_sweater,0,13213,
on_one_knee,0,13209,"genuflecting,kneeling_on_one_leg,one_knee"
pumpkin,0,13208,pumpkins
yellow_skirt,0,13194,
red_coat,0,13189,
tilted_headwear,0,13188,
aqua_nails,0,13176,aqua_fingernails
fujimaru_ritsuka_(male),4,13165,"gudao,male_protagonist_(fate/grand_order)"
nijisanji_en,3,13143,
partially_colored,0,13134,partially_monochrome
stitches,0,13122,
no_mouth,0,13090,
orange_shirt,0,13089,orange_blouse
hijiri_byakuren,4,13084,
face-to-face,0,13079,face_to_face
leaf_hair_ornament,0,13075,hair_leaf
inazuma_(kancolle),4,13068,inazuma_(kantai_collection)
nier_(series),3,13063,
pantyhose_under_shorts,0,13063,legwear_under_shorts
fire_emblem_awakening,3,13020,"/fe11,fire_emblem:_awakening,fire_emblem:_kakusei,fire_emblem_kakusei"
grabbing_another's_ass,0,12999,
aura,0,12998,ki
cross_necklace,0,12996,
annoyed,0,12993,irritated
hibiscus,0,12992,
hair_slicked_back,0,12984,slicked_back_hair
photo_(object),0,12982,"photograph_(object),picture,pictures"
giant,0,12978,
string_panties,0,12960,
grey_shorts,0,12955,gray_shorts
mmf_threesome,0,12954,fmm_threesome
wagashi,0,12952,japanese_sweets
paintbrush,0,12945,paint_brush
fang_out,0,12939,
looping_animation,5,12938,
headphones_around_neck,0,12930,
lolita_hairband,0,12919,lolita_headband
spoken_exclamation_mark,0,12892,
male_penetrated,0,12881,
shark_tail,0,12863,
marker_(medium),5,12858,copics
purple_kimono,0,12843,purple_yukata
sack,0,12837,
animal_on_head,0,12830,
mecha_musume,0,12823,"mechamusume,weapongirl"
constricted_pupils,0,12823,"contracted_pupils,shrunk_eyes,shrunk_pupils"
hakama_short_skirt,0,12814,hakama_skirt
unfinished,5,12805,"wip,work_in_progress"
torii,0,12805,"shrine_gate,torii_(gate),torii_gate"
bleach,3,12802,
brown_cardigan,0,12794,
muneate,0,12783,
neptune_(series),3,12781,
lucky_star,3,12779,/ls
hair_up,0,12757,
leg_ribbon,0,12735,
tamamo_(fate),4,12718,tamamo_(fate)_(all)
halftone,0,12718,
anniversary,0,12679,
platform_footwear,0,12675,"platforms,platform_shoes"
two_tails,0,12666,
holding_own_hair,0,12665,holding_hair
bad_anatomy,0,12656,
holding_fruit,0,12654,"holding_apple,holding_peach,holding_strawberry"
nervous_sweating,0,12632,"cold_sweat,sweating_profusely"
ribbon_choker,0,12617,
akagi_(kancolle),4,12611,akagi_(kantai_collection)
tiptoes,0,12599,"tip-toe,tip_toe,tiptoe,tip-toes,tip_toes"
textless_version,5,12589,textless
hand_on_own_thigh,0,12587,
kita_high_school_uniform,0,12585,
kimetsu_no_yaiba,3,12535,demon_slayer_(series)
shimenawa,0,12535,braided_rice_rope
houjuu_nue,4,12535,
casual_one-piece_swimsuit,0,12533,"casual_one_piece_swimsuit,/cops"
red_skin,0,12531,
crescent_hair_ornament,0,12531,
rolling_eyes,0,12528,"eye_roll,rolled_eyes,rolleyes"
long_sideburns,0,12521,
bad_tumblr_id,5,12518,
marvel,3,12514,
lace-trimmed_bra,0,12505,lace_trimmed_bra
bandaid_on_leg,0,12490,
vines,0,12490,vine
inkling_player_character,4,12489,inkling
head_fins,0,12483,"ear_fins,fin_ears,fish_ears,headfins"
fujimaru_ritsuka_(female),4,12475,"female_protagonist_(fate/grand_order),gudako"
blue_coat,0,12468,
cum_on_clothes,0,12459,"cum_inside_clothes,cum_inside_thighhigh,cum_on_buruma,cum_on_clothing,cum_on_hat,cum_on_panties,cum_on_pantyhose,cum_on_shoes,cum_on_socks,cum_on_stockings,cum_on_swimsuit,cum_on_thighhighs,cum_under_clothes"
vehicle_focus,0,12454,tank_focus
imminent_kiss,0,12447,"almost_kiss,incipient_kiss"
pink_hat,0,12444,
huge_ahoge,0,12438,
oversized_clothes,0,12434,"floppy_sleeves,oversized_clothing"
open_kimono,0,12424,open_yukata
old,0,12421,
bath,0,12412,ofuro
ffm_threesome,0,12407,mff_threesome
leg_grab,0,12399,grabbing_leg
garrison_cap,0,12392,pilotka
asymmetrical_clothes,0,12383,"/acl,asymmetrical_clothing"
striped_background,0,12380,/stripedbg
holding_another's_wrist,0,12379,"grabbing_another's_wrist,wrist_grab"
handcuffs,0,12374,handcuff
nosebleed,0,12368,"blood_from_nose,bloody_nose,nose_bleed"
belt_pouch,0,12364,
black_scarf,0,12358,
red_eyeshadow,0,12357,
navel_piercing,0,12303,"bellybutton_piercing,navel_ring"
yellow_necktie,0,12301,gold_necktie
shingeki_no_kyojin,3,12299,attack_on_titan
bead_necklace,0,12299,
pink_rose,0,12270,
limbus_company,3,12266,
white_bowtie,0,12257,
touhou_(pc-98),3,12248,
naked_towel,0,12243,"nude_towel,towel_wrap"
playing_instrument,0,12242,
blue_gemstone,0,12237,sapphire_(gemstone)
black_neckerchief,0,12230,
tea,0,12227,
parasol,0,12220,
lace-trimmed_panties,0,12213,lace_trimmed_panties
spy_x_family,3,12210,
spiked_collar,0,12203,spike_collar
source_larger,5,12201,
saibou_shinkyoku,3,12186,
utau,3,12173,
pikachu,4,12172,
deep_skin,0,12160,
shoe_soles,0,12140,
gotoh_hitori,4,12131,"bocchi_(bocchi_the_rock!),gotou_hitori"
over_shoulder,0,12130,
pokemon_dppt,3,12121,"pokemon_diamond,pokemon_diamond_and_pearl,pokemon_d&p,pokemon_dp,pokemon_dpp,pokemon_pearl"
pov_crotch,0,12118,
blue_bra,0,12103,
brothers,0,12099,
brown_shorts,0,12095,
strap,0,12088,straps
glowing_eye,0,12070,
fat,0,12056,overweight
see-through_sleeves,0,12052,transparent_sleeves
loose_socks,0,12049,
raglan_sleeves,0,12026,
o-ring_bikini,0,12024,"o_ring_bikini,ring_bikini"
plugsuit,0,12006,"plug_suit,plugsuits"
one-eyed,0,12000,"one_eye,one_eyed,single_eye"
pubic_tattoo,0,11995,"crotch_tattoo,womb_tattoo,womb_tattoo"
tokyo_afterschool_summoners,3,11993,"housamo,tokyo_houkago_summoners"
striped_dress,0,11986,
transparent,0,11964,transparency
aqua_necktie,0,11956,
frilled_hairband,0,11952,
black_capelet,0,11941,
fireworks,0,11932,firework
magatama,0,11931,
tate_eboshi,0,11930,
micro_shorts,0,11926,
hand_on_own_knee,0,11921,hand_on_knee
facing_another,0,11914,
afterimage,0,11907,
in_container,0,11899,person_in_a_container
sad,0,11896,sadness
mitakihara_school_uniform,0,11885,
doughnut,0,11853,"donut,donuts,doughnuts"
jeanne_d'arc_alter_(fate),4,11845,"jalter,jeanne_d'arc_(alter)_(fate)"
peach,0,11831,peaches
kicking,0,11824,kick
nervous,0,11817,
singing,0,11811,sing
fur-trimmed_sleeves,0,11809,
cowbell,0,11797,cow_bell
megurine_luka,4,11783,
cross-section,0,11756,"crossection,cross_section,crosssection"
mahou_shoujo_lyrical_nanoha,3,11750,"mahou_shoujo_lyirical_nanoha,mahoushoujolyricalnanoha,/msln"
tasuki,0,11749,kimono_sleeve_ties
spreading_own_pussy,0,11743,
heart_earrings,0,11741,heart_earring
white_bodysuit,0,11734,
yasaka_kanako,4,11728,
onee-shota,0,11725,oneshota
akemi_homura_(magical_girl),4,11722,
hu_tao_(genshin_impact),4,11720,hu_tao
biting,0,11714,bite
house,0,11696,houses
yagokoro_eirin,4,11688,/ye
bow_hairband,0,11678,hairband_bow
diamond_(shape),0,11663,"diamonds_(card_suit),rhombus"
yuuka_(blue_archive),4,11654,hayase_yuuka
mahou_shoujo_lyrical_nanoha_strikers,3,11650,"mahou_shoujo_lyirical_nanoha_strikers,/mslns"
yuudachi_(kancolle),4,11650,yuudachi_(kantai_collection)
tenryuu_(kancolle),4,11648,tenryuu_(kantai_collection)
princess_zelda,4,11643,zelda
breast_sucking,0,11636,"breast_suck,nipple_suck,nipple_sucking,sucking_breasts,sucking_nipples"
grey_sweater,0,11635,gray_sweater
holding_gift,0,11597,holding_present
multiple_persona,0,11595,"quadruple_persona,quintuple_persona,triple_persona"
persona_4,3,11594,
real_life,3,11593,
monitor,0,11576,"computer_monitor,computer_screen"
nier:automata,3,11575,nier_automata
o-ring_top,0,11573,"o-ring_bikini_top,o_ring_top"
east_asian_architecture,0,11565,"chinese_architecture,japanese_architecture"
neck_ring,0,11559,
falling,0,11556,
tifa_lockhart,4,11556,tifa_lockheart
animalization,0,11544,animalisation
bathroom,0,11540,
headscarf,0,11535,head_scarf
tiger_print,0,11534,tigerprint
out-of-frame_censoring,0,11526,out_of_frame_censoring
coin,0,11514,coins
asymmetrical_wings,0,11504,
blank_eyes,0,11500,
sparkling_eyes,0,11499,sparkle_eyes
narrow_waist,0,11497,"slender_waist,slim_waist,thin_waist"
asuna_(blue_archive),4,11489,ichinose_asuna
mermaid,0,11471,
charm_(object),0,11468,keychain
fubuki_(kancolle),4,11454,fubuki_(kantai_collection)
mushroom,0,11450,mushrooms
mizuhashi_parsee,4,11444,
crescent_moon,0,11442,
blazblue,3,11438,
crop_top_overhang,0,11429,
pencil,0,11425,
assertive_female,0,11424,assertive
undershirt,0,11422,
water_bottle,0,11404,
m_legs,0,11397,
pantyhose_pull,0,11389,"pantyhose_down,pantyhosepull"
bead_bracelet,0,11388,
pigeon-toed,0,11381,"intoed,pigeon_toed,pigeon_toes"
:/,0,11378,:\
danganronpa:_trigger_happy_havoc,3,11376,danganronpa_1
shackles,0,11369,"manacles,shackle"
spiked_bracelet,0,11364,spiked_bracelets
pants_pull,0,11338,pants_down
summer,0,11325,
unworn_shoes,0,11300,"shoes_off,shoes_removed"
vaginal_object_insertion,0,11294,"vaginal_insertion,vaginal_object_push"
winter,0,11291,
puff_of_air,0,11285,=3
persona_5,3,11271,
sitting_on_lap,0,11271,"lap_sitting,sitting_in_lap"
x-ray,0,11270,"x_ray,xray"
explosion,0,11264,
sonic_(series),3,11247,sonic_the_hedgehog
lineart,0,11244,line_art
abigail_williams_(fate),4,11240,abigail_williams_(fate/grand_order)
same-sex_bathing,0,11233,"shared_bathing,shared_bathing"
green_shorts,0,11230,
green_vest,0,11228,
television,0,11224,"television_screen,tv"
ear_blush,0,11224,
black_sports_bra,0,11222,
purple_skin,0,11215,
brick_wall,0,11209,
braided_bun,0,11205,
dark_background,0,11197,/darkbg
purple_bowtie,0,11193,
final_fantasy_vii_remake,3,11187,
maple_leaf,0,11186,maple_leaves
pink_theme,0,11175,
animal_collar,0,11169,"dog_collar,pet_collar"
hooded_cloak,0,11153,
kitsune,0,11150,
!!,0,11149,"!!!,!!!!"
sanpaku,0,11149,
playing_card,0,11147,playing_cards
go-toubun_no_hanayome,3,11137,the_quintessential_quintuplets
chest_hair,0,11127,hairy_chest
drink_can,0,11110,
police,0,11109,"cop,police_officer"
sliding_doors,0,11107,sliding_door
badge,0,11104,badges
pointing_at_viewer,0,11104,pov_pointing
crescent_hat_ornament,0,11102,
higurashi_no_naku_koro_ni,3,11096,"/hig,higurashi,when_the_cicadas_cry"
tassel_earrings,0,11096,
goat_horns,0,11073,
ruins,0,11071,ruin
licking_penis,0,11070,penis_licking
blue_choker,0,11070,
arm_cannon,0,11050,"mega_buster,x_buster,z_buster,zero_buster"
split,0,11048,splits
striped_necktie,0,11033,striped_tie
ikazuchi_(kancolle),4,11026,ikazuchi_(kantai_collection)
gym_shirt,0,11016,
ears_through_headwear,0,11000,
handheld_game_console,0,10996,handheld
cunnilingus,0,10992,"cunilingus,cunillingus,cunnillingus,pussy_lick"
green_footwear,0,10983,"green_boots,green_shoes"
bad_source,5,10970,
rwby,3,10957,
yellow_bowtie,0,10954,
print_thighhighs,0,10954,
holding_chopsticks,0,10950,
necktie_between_breasts,0,10940,
dungeon_meshi,3,10928,delicious_in_dungeon
holding_spoon,0,10925,
game_controller,0,10906,
stool,0,10905,
food_focus,0,10890,
yellow_footwear,0,10885,"yellow_boots,yellow_shoes"
one-piece_tan,0,10884,
sunbeam,0,10880,"crepuscular_rays,god_rays,light_shaft"
folded,0,10880,
cutoffs,0,10871,
red_theme,0,10864,
seductive_smile,0,10861,
red_capelet,0,10835,
blue_sweater,0,10832,
lace-trimmed_legwear,0,10826,"lace-trimmed_kneehighs,lace-trimmed_socks,lace-trimmed_thighhighs,lace_trimmed_thighhighs"
peeing,0,10825,"oshikko,watersports"
aqua_background,0,10821,"/aquabg,cyan_background"
coat_on_shoulders,0,10820,
shirakami_fubuki,4,10776,
red_bodysuit,0,10775,
greaves,0,10774,
bamboo,0,10773,
erection_under_clothes,0,10772,covered_erection
grey_gloves,0,10743,gray_gloves
name_connection,0,10739,namesake
lion_ears,0,10730,
cookie,0,10723,cookies
chest_tattoo,0,10713,
asymmetrical_docking,0,10705,
symmetrical_docking,0,10704,"breast_to_breast,/sd"
fur-trimmed_gloves,0,10704,
holding_fork,0,10692,
inazuma_eleven_(series),3,10687,
picture_frame,0,10680,"painting_frame,photo_frame"
body_writing,0,10674,"text_on_body,writing_on_body"
graphite_(medium),5,10660,"graphite,pencil_(medium),pencil_sketch"
red_collar,0,10646,
dragon_ball_z,3,10641,"/dbz,dragonball_z"
pink_gloves,0,10620,
leg_warmers,0,10607,legwarmers
ribs,0,10592,ribcage
persona_3,3,10590,
leaf_on_head,0,10589,
magic_circle,0,10582,"magical_circle,magical_circles,magic_circles,mahoujin"
black_suit,0,10576,
two-tone_skin,0,10562,
doodle_sensei_(blue_archive),4,10560,arona's_sensei_doodle_(blue_archive)
digimon,3,10555,
inkling_girl,4,10549,
sleeves_past_elbows,0,10542,
fate/extra_ccc,3,10530,
slingshot_swimsuit,0,10526,"sling_bikini,slingbikini,sling_swimsuit"
umineko_no_naku_koro_ni,3,10523,"umineko,when_the_seagulls_cry"
rebuild_of_evangelion,3,10522,
chest_jewel,0,10511,"chest_gem,gem_on_chest"
dappled_sunlight,0,10511,"komorebi,sunlight_through_trees"
camouflage,0,10503,"camo,camouflage_print"
bonnet,0,10494,
pink_sweater,0,10493,
orange_skirt,0,10486,
yellow_hairband,0,10481,
gardevoir,4,10481,
scaramouche_(genshin_impact),4,10480,
latex,0,10479,
raccoon_tail,0,10474,tanuki_tail
checkered_floor,0,10474,
torn_shirt,0,10456,"ripped_shirt,torn_blouse"
earphones,0,10444,
blood_on_hands,0,10434,"blood_on_fingers,bloody_fingers,bloody_hands"
no_shirt,0,10418,no_blouse
holding_cigarette,0,10418,
pee,0,10416,urine
ripples,0,10415,ripple
double_penetration,0,10412,"doublepenetration,/dp,dp"
birthday,0,10408,
floating_earring,0,10396,"dangle_earrings,drop_earrings"
green_pants,0,10394,
draph,0,10386,doraf
dark_persona,0,10377,
hair_censor,0,10359,censor_hair
pink_thighhighs,0,10330,
akatsuki_(kancolle),4,10328,akatsuki_(kantai_collection)
zuikaku_(kancolle),4,10322,zuikaku_(kantai_collection)
tengen_toppa_gurren_lagann,3,10320,"gurren_lagann,tengen_toppa_gurren-lagann,/ttgl"
lower_teeth_only,0,10306,lower_teeth
zzz,0,10300,z
official_style,0,10299,
aiming,0,10296,"pointing_bow_(weapon),pointing_crossbow,pointing_gun"
dated_commentary,5,10291,
kagiyama_hina,4,10275,
blue_hoodie,0,10263,
cross-shaped_pupils,0,10260,
shorts_under_skirt,0,10259,"bike_shorts_under_skirt,skirt_over_shorts"
holding_can,0,10253,
purple_hat,0,10252,
sakuragaoka_high_school_uniform,0,10230,
huge_weapon,0,10212,"bfg,huge_gun,huge_sword,oversized_weapon"
dripping,0,10204,
red_sweater,0,10201,
leaning_to_the_side,0,10200,
akiyama_mio,4,10194,
hammer,0,10190,
zouri,0,10186,
huge_penis,0,10163,
fur-trimmed_cape,0,10160,
suzumiya_haruhi,4,10153,"haruhi_suzumiya,/sh"
naked_apron,0,10144,"hadaka_apron,nakedapron,nude_apron"
rozen_maiden,3,10135,"/rm,rosen_maiden,rozenmaiden"
toyosatomimi_no_miko,4,10131,
old_man,0,10122,
shell,0,10120,
burger,0,10120,"cheeseburger,hamburger"
hoshimachi_suisei,4,10112,"hoshimati_suisei,suisei_channel"
side_braids,0,10105,
voice_actor_connection,0,10103,"seiyuu_connection,seiyuu_joke"
babydoll,0,10099,
holding_bow_(weapon),0,10097,
tsukihime,3,10095,shingetsutan_tsukihime
implied_sex,0,10085,
arm_guards,0,10079,"arm_guard,armguards"
polka_dot_bow,0,10078,
hamakaze_(kancolle),4,10074,hamakaze_(kantai_collection)
trigger_discipline,0,10071,
darkstalkers,3,10067,"dark_stalkers,vampire_(game),vampire_savior,vampire_savior_(game),vampire_saviour"
chest_harness,0,10063,
syringe,0,10052,
macross,3,10048,
oversized_object,0,10041,
superhero_costume,0,10036,"superhero,superheroes"
big_hair,0,10029,
nero_claudius_(fate),4,10021,"nero_claudius_(fate)_(all),saber_extra"
cube_hair_ornament,0,10020,hair_cubes
cross_hair_ornament,0,10017,
splashing,0,10017,splash
bear_ears,0,10009,
weapon_on_back,0,10008,sword_on_back
v-neck,0,10003,v_neck
